/*
SQLyog Ultimate v12.09 (64 bit)
MySQL - 5.5.40 : Database - crm
*********************************************************************
*/

/*!40101 SET NAMES utf8 */;

/*!40101 SET SQL_MODE=''*/;

/*!40014 SET @OLD_UNIQUE_CHECKS=@@UNIQUE_CHECKS, UNIQUE_CHECKS=0 */;
/*!40014 SET @OLD_FOREIGN_KEY_CHECKS=@@FOREIGN_KEY_CHECKS, FOREIGN_KEY_CHECKS=0 */;
/*!40101 SET @OLD_SQL_MODE=@@SQL_MODE, SQL_MODE='NO_AUTO_VALUE_ON_ZERO' */;
/*!40111 SET @OLD_SQL_NOTES=@@SQL_NOTES, SQL_NOTES=0 */;
CREATE DATABASE /*!32312 IF NOT EXISTS*/`crm` /*!40100 DEFAULT CHARACTER SET utf8 */;

USE `crm`;

/*Table structure for table `department` */

DROP TABLE IF EXISTS `department`;

CREATE TABLE `department` (
  `id` bigint(20) NOT NULL AUTO_INCREMENT,
  `sn` varchar(50) COLLATE utf8_bin DEFAULT NULL,
  `name` varchar(50) COLLATE utf8_bin DEFAULT NULL,
  `mananger_id` bigint(20) DEFAULT NULL,
  `parent_id` bigint(20) DEFAULT NULL,
  `state` tinyint(1) DEFAULT NULL,
  PRIMARY KEY (`id`)
) ENGINE=InnoDB AUTO_INCREMENT=4 DEFAULT CHARSET=utf8 COLLATE=utf8_bin;

/*Data for the table `department` */

insert  into `department`(`id`,`sn`,`name`,`mananger_id`,`parent_id`,`state`) values (1,'boss','总经办',NULL,NULL,NULL),(2,'market','市场部',NULL,NULL,NULL),(3,'business','业务部',NULL,NULL,NULL);

/*Table structure for table `emp_role` */

DROP TABLE IF EXISTS `emp_role`;

CREATE TABLE `emp_role` (
  `id` bigint(20) NOT NULL AUTO_INCREMENT,
  `r_id` bigint(20) DEFAULT NULL,
  `e_id` bigint(20) DEFAULT NULL,
  PRIMARY KEY (`id`),
  KEY `FK_m_emp` (`e_id`),
  KEY `FK_m_role` (`r_id`),
  CONSTRAINT `FK_m_emp` FOREIGN KEY (`e_id`) REFERENCES `employee` (`id`),
  CONSTRAINT `FK_m_role` FOREIGN KEY (`r_id`) REFERENCES `role` (`id`)
) ENGINE=InnoDB AUTO_INCREMENT=17 DEFAULT CHARSET=utf8;

/*Data for the table `emp_role` */

insert  into `emp_role`(`id`,`r_id`,`e_id`) values (1,6,38),(2,7,38),(8,6,39),(9,7,39),(10,7,2),(11,6,1),(12,7,1),(16,7,45);

/*Table structure for table `employee` */

DROP TABLE IF EXISTS `employee`;

CREATE TABLE `employee` (
  `id` bigint(20) NOT NULL AUTO_INCREMENT,
  `username` varchar(50) COLLATE utf8_bin DEFAULT NULL,
  `realname` varchar(50) COLLATE utf8_bin DEFAULT NULL,
  `password` varchar(100) COLLATE utf8_bin DEFAULT NULL,
  `tel` varchar(13) COLLATE utf8_bin DEFAULT NULL,
  `email` varchar(100) COLLATE utf8_bin DEFAULT NULL,
  `dept_id` bigint(20) DEFAULT NULL,
  `inputtime` date DEFAULT NULL,
  `state` tinyint(1) DEFAULT NULL,
  `admin` tinyint(1) DEFAULT NULL,
  PRIMARY KEY (`id`),
  KEY `FK_dept` (`dept_id`),
  CONSTRAINT `FK_dept` FOREIGN KEY (`dept_id`) REFERENCES `department` (`id`)
) ENGINE=InnoDB AUTO_INCREMENT=46 DEFAULT CHARSET=utf8 COLLATE=utf8_bin;

/*Data for the table `employee` */

insert  into `employee`(`id`,`username`,`realname`,`password`,`tel`,`email`,`dept_id`,`inputtime`,`state`,`admin`) values (1,'admin','1','123','18257534567','523839773@qq.com',1,'2019-08-15',1,1),(2,'test','啊啊啊','123','18257555345','527384765@qq.com',2,'2019-08-13',1,0),(38,'新增测试2','测试2号','123','1823838839','xxx',2,'2019-08-17',1,0),(39,'测试账号','测试1号','123','21','7777',2,'2019-08-15',1,0),(40,'casuser','牟孙凡',NULL,'18802902155','lishaojun412@163.com',1,NULL,NULL,1),(41,'casuser','牟孙凡',NULL,'18802902155','lishaojun412@163.com',NULL,NULL,NULL,NULL),(43,'casuser','牟孙凡','666666','18802902155','lishaojun412@163.com',2,'2019-09-22',0,0),(45,'test','牟','666666','18802902155','lishaojun412@163.com',2,'2019-09-22',1,0);

/*Table structure for table `group` */

DROP TABLE IF EXISTS `group`;

CREATE TABLE `group` (
  `id` bigint(20) NOT NULL,
  `name` varchar(50) DEFAULT NULL,
  PRIMARY KEY (`id`)
) ENGINE=InnoDB DEFAULT CHARSET=utf8;

/*Data for the table `group` */

/*Table structure for table `log` */

DROP TABLE IF EXISTS `log`;

CREATE TABLE `log` (
  `id` bigint(20) NOT NULL AUTO_INCREMENT,
  `opUser_id` bigint(20) DEFAULT NULL,
  `opTime` datetime DEFAULT NULL,
  `opIp` varchar(255) DEFAULT NULL,
  `function` varchar(255) DEFAULT NULL,
  `params` varchar(500) DEFAULT NULL,
  PRIMARY KEY (`id`),
  KEY `FK_log` (`opUser_id`),
  CONSTRAINT `FK_log` FOREIGN KEY (`opUser_id`) REFERENCES `employee` (`id`)
) ENGINE=InnoDB AUTO_INCREMENT=1196 DEFAULT CHARSET=utf8;

/*Data for the table `log` */

insert  into `log`(`id`,`opUser_id`,`opTime`,`opIp`,`function`,`params`) values (1,NULL,'2019-08-16 14:57:45','0:0:0:0:0:0:0:1','top.lishaojun.crm.service.impl.EmployeeServiceImpl@27f9ad15:Employee top.lishaojun.crm.service.IEmployeeService.getEmployeeForLogin(String,String)','[\"admin\",\"123\"]'),(2,1,'2019-08-16 14:57:47','0:0:0:0:0:0:0:1','top.lishaojun.crm.service.impl.DepartmentServiceImpl@619af0d8:List top.lishaojun.crm.service.IDepartmentService.queryForEmp()','[]'),(3,1,'2019-08-16 14:57:47','0:0:0:0:0:0:0:1','top.lishaojun.crm.service.impl.EmployeeServiceImpl@27f9ad15:PageResult top.lishaojun.crm.service.IEmployeeService.queryForPage(EmployeeQueryObject)','[{\"page\":1,\"rows\":10,\"keyword\":null,\"start\":0}]'),(4,NULL,'2019-08-16 15:15:29','0:0:0:0:0:0:0:1','top.lishaojun.crm.service.impl.EmployeeServiceImpl@b13f22f:Employee top.lishaojun.crm.service.IEmployeeService.getEmployeeForLogin(String,String)','[\"admin\",\"123\"]'),(5,1,'2019-08-16 15:15:33','0:0:0:0:0:0:0:1','top.lishaojun.crm.service.impl.DepartmentServiceImpl@7c358ea3:List top.lishaojun.crm.service.IDepartmentService.queryForEmp()','[]'),(6,1,'2019-08-16 15:15:33','0:0:0:0:0:0:0:1','top.lishaojun.crm.service.impl.EmployeeServiceImpl@b13f22f:PageResult top.lishaojun.crm.service.IEmployeeService.queryForPage(EmployeeQueryObject)','[{\"page\":1,\"rows\":10,\"keyword\":null,\"start\":0}]'),(7,1,'2019-08-16 15:16:52','0:0:0:0:0:0:0:1','top.lishaojun.crm.service.impl.DepartmentServiceImpl@7c358ea3:List top.lishaojun.crm.service.IDepartmentService.queryForEmp()','[]'),(8,1,'2019-08-16 15:16:52','0:0:0:0:0:0:0:1','top.lishaojun.crm.service.impl.EmployeeServiceImpl@b13f22f:PageResult top.lishaojun.crm.service.IEmployeeService.queryForPage(EmployeeQueryObject)','[{\"page\":1,\"rows\":10,\"keyword\":null,\"start\":0}]'),(9,1,'2019-08-16 15:32:45','0:0:0:0:0:0:0:1','top.lishaojun.crm.service.impl.DepartmentServiceImpl@7c358ea3:List top.lishaojun.crm.service.IDepartmentService.queryForEmp()','[]'),(10,1,'2019-08-16 15:32:45','0:0:0:0:0:0:0:1','top.lishaojun.crm.service.impl.EmployeeServiceImpl@b13f22f:PageResult top.lishaojun.crm.service.IEmployeeService.queryForPage(EmployeeQueryObject)','[{\"page\":1,\"rows\":10,\"keyword\":null,\"start\":0}]'),(11,1,'2019-08-16 15:34:19','0:0:0:0:0:0:0:1','top.lishaojun.crm.service.impl.DepartmentServiceImpl@7c358ea3:List top.lishaojun.crm.service.IDepartmentService.queryForEmp()','[]'),(12,1,'2019-08-16 15:34:19','0:0:0:0:0:0:0:1','top.lishaojun.crm.service.impl.EmployeeServiceImpl@b13f22f:PageResult top.lishaojun.crm.service.IEmployeeService.queryForPage(EmployeeQueryObject)','[{\"page\":1,\"rows\":10,\"keyword\":null,\"start\":0}]'),(13,NULL,'2019-08-16 16:06:47','0:0:0:0:0:0:0:1','top.lishaojun.crm.service.impl.EmployeeServiceImpl@4ea6551:Employee top.lishaojun.crm.service.IEmployeeService.getEmployeeForLogin(String,String)','[\"admin\",\"123\"]'),(14,1,'2019-08-16 16:06:49','0:0:0:0:0:0:0:1','top.lishaojun.crm.service.impl.PermissionServiceImpl@71e3bf5a:PageResult top.lishaojun.crm.service.IPermissionService.queryForPage(QueryObject)','[{\"page\":1,\"rows\":10,\"start\":0}]'),(15,NULL,'2019-08-16 17:22:51','0:0:0:0:0:0:0:1','top.lishaojun.crm.service.impl.EmployeeServiceImpl@715b4965:Employee top.lishaojun.crm.service.IEmployeeService.getEmployeeForLogin(String,String)','[\"admin\",\"123\"]'),(16,1,'2019-08-16 17:22:52','0:0:0:0:0:0:0:1','top.lishaojun.crm.service.impl.PermissionServiceImpl@6122b1fe:PageResult top.lishaojun.crm.service.IPermissionService.queryForPage(QueryObject)','[{\"page\":1,\"rows\":10,\"start\":0}]'),(17,1,'2019-08-16 17:23:34','0:0:0:0:0:0:0:1','top.lishaojun.crm.service.impl.RoleServiceImpl@46f73f18:int top.lishaojun.crm.service.IRoleService.insert(Role)','[{\"id\":1,\"name\":\"hahah\",\"sn\":\"sss\",\"permissions\":[]}]'),(18,NULL,'2019-08-16 17:35:08','0:0:0:0:0:0:0:1','top.lishaojun.crm.service.impl.EmployeeServiceImpl@5c525062:Employee top.lishaojun.crm.service.IEmployeeService.getEmployeeForLogin(String,String)','[\"admin\",\"123\"]'),(19,1,'2019-08-16 17:35:11','0:0:0:0:0:0:0:1','top.lishaojun.crm.service.impl.PermissionServiceImpl@23780faf:PageResult top.lishaojun.crm.service.IPermissionService.queryForPage(QueryObject)','[{\"page\":1,\"rows\":10,\"start\":0}]'),(20,1,'2019-08-16 17:39:19','0:0:0:0:0:0:0:1','top.lishaojun.crm.service.impl.PermissionServiceImpl@23780faf:PageResult top.lishaojun.crm.service.IPermissionService.queryForPage(QueryObject)','[{\"page\":1,\"rows\":10,\"start\":0}]'),(21,1,'2019-08-16 17:41:59','0:0:0:0:0:0:0:1','top.lishaojun.crm.service.impl.PermissionServiceImpl@23780faf:PageResult top.lishaojun.crm.service.IPermissionService.queryForPage(QueryObject)','[{\"page\":1,\"rows\":10,\"start\":0}]'),(22,1,'2019-08-16 17:42:21','0:0:0:0:0:0:0:1','top.lishaojun.crm.service.impl.RoleServiceImpl@2708675b:int top.lishaojun.crm.service.IRoleService.insert(Role)','[{\"id\":2,\"name\":\"测试管理员\",\"sn\":\"2\",\"permissions\":[]}]'),(23,1,'2019-08-16 17:43:53','0:0:0:0:0:0:0:1','top.lishaojun.crm.service.impl.DepartmentServiceImpl@745b02d7:List top.lishaojun.crm.service.IDepartmentService.queryForEmp()','[]'),(24,1,'2019-08-16 17:43:53','0:0:0:0:0:0:0:1','top.lishaojun.crm.service.impl.EmployeeServiceImpl@5c525062:PageResult top.lishaojun.crm.service.IEmployeeService.queryForPage(EmployeeQueryObject)','[{\"page\":1,\"rows\":10,\"keyword\":null,\"start\":0}]'),(25,1,'2019-08-16 17:44:04','0:0:0:0:0:0:0:1','top.lishaojun.crm.service.impl.PermissionServiceImpl@23780faf:PageResult top.lishaojun.crm.service.IPermissionService.queryForPage(QueryObject)','[{\"page\":1,\"rows\":10,\"start\":0}]'),(26,1,'2019-08-16 17:44:51','0:0:0:0:0:0:0:1','top.lishaojun.crm.service.impl.RoleServiceImpl@2708675b:int top.lishaojun.crm.service.IRoleService.insert(Role)','[{\"id\":3,\"name\":\"测试管理员1\",\"sn\":\"001\",\"permissions\":[]}]'),(27,1,'2019-08-16 17:45:27','0:0:0:0:0:0:0:1','top.lishaojun.crm.service.impl.PermissionServiceImpl@23780faf:PageResult top.lishaojun.crm.service.IPermissionService.queryForPage(QueryObject)','[{\"page\":1,\"rows\":10,\"start\":0}]'),(28,1,'2019-08-16 17:45:38','0:0:0:0:0:0:0:1','top.lishaojun.crm.service.impl.RoleServiceImpl@2708675b:int top.lishaojun.crm.service.IRoleService.insert(Role)','[{\"id\":4,\"name\":\"测试管理员2\",\"sn\":\"002\",\"permissions\":[{\"id\":1,\"name\":null,\"resource\":null},{\"id\":2,\"name\":null,\"resource\":null},{\"id\":3,\"name\":null,\"resource\":null}]}]'),(29,NULL,'2019-08-16 18:18:25','0:0:0:0:0:0:0:1','top.lishaojun.crm.service.impl.EmployeeServiceImpl@2257ea5c:Employee top.lishaojun.crm.service.IEmployeeService.getEmployeeForLogin(String,String)','[\"admin\",\"123\"]'),(30,1,'2019-08-16 18:18:27','0:0:0:0:0:0:0:1','top.lishaojun.crm.service.impl.PermissionServiceImpl@2d199510:PageResult top.lishaojun.crm.service.IPermissionService.queryForPage(QueryObject)','[{\"page\":1,\"rows\":10,\"start\":0}]'),(31,1,'2019-08-16 18:18:27','0:0:0:0:0:0:0:1','top.lishaojun.crm.service.impl.RoleServiceImpl@3a17b7e:PageResult top.lishaojun.crm.service.IRoleService.queryForPage(QueryObject)','[{\"page\":1,\"rows\":10,\"start\":0}]'),(32,1,'2019-08-16 18:18:40','0:0:0:0:0:0:0:1','top.lishaojun.crm.service.impl.RoleServiceImpl@3a17b7e:int top.lishaojun.crm.service.IRoleService.insert(Role)','[{\"id\":5,\"name\":\"测试管理员3\",\"sn\":\"003\",\"permissions\":[{\"id\":1,\"name\":null,\"resource\":null}]}]'),(33,1,'2019-08-16 18:18:41','0:0:0:0:0:0:0:1','top.lishaojun.crm.service.impl.RoleServiceImpl@3a17b7e:PageResult top.lishaojun.crm.service.IRoleService.queryForPage(QueryObject)','[{\"page\":1,\"rows\":10,\"start\":0}]'),(34,NULL,'2019-08-16 18:20:07','0:0:0:0:0:0:0:1','top.lishaojun.crm.service.impl.EmployeeServiceImpl@112f25:Employee top.lishaojun.crm.service.IEmployeeService.getEmployeeForLogin(String,String)','[\"admin\",\"123\"]'),(35,1,'2019-08-16 18:20:09','0:0:0:0:0:0:0:1','top.lishaojun.crm.service.impl.PermissionServiceImpl@706d84c2:PageResult top.lishaojun.crm.service.IPermissionService.queryForPage(QueryObject)','[{\"page\":1,\"rows\":10,\"start\":0}]'),(36,1,'2019-08-16 18:20:09','0:0:0:0:0:0:0:1','top.lishaojun.crm.service.impl.RoleServiceImpl@72597f34:PageResult top.lishaojun.crm.service.IRoleService.queryForPage(QueryObject)','[{\"page\":1,\"rows\":10,\"start\":0}]'),(37,NULL,'2019-08-16 18:46:26','0:0:0:0:0:0:0:1','top.lishaojun.crm.service.impl.EmployeeServiceImpl@30498e4:Employee top.lishaojun.crm.service.IEmployeeService.getEmployeeForLogin(String,String)','[\"admin\",\"123\"]'),(38,1,'2019-08-16 18:46:27','0:0:0:0:0:0:0:1','top.lishaojun.crm.service.impl.RoleServiceImpl@19eaf4a5:PageResult top.lishaojun.crm.service.IRoleService.queryForPage(QueryObject)','[{\"page\":1,\"rows\":10,\"start\":0}]'),(39,1,'2019-08-16 18:46:27','0:0:0:0:0:0:0:1','top.lishaojun.crm.service.impl.PermissionServiceImpl@ef5998c:PageResult top.lishaojun.crm.service.IPermissionService.queryForPage(QueryObject)','[{\"page\":1,\"rows\":10,\"rid\":null,\"start\":0}]'),(40,1,'2019-08-16 18:48:21','0:0:0:0:0:0:0:1','top.lishaojun.crm.service.impl.RoleServiceImpl@19eaf4a5:PageResult top.lishaojun.crm.service.IRoleService.queryForPage(QueryObject)','[{\"page\":1,\"rows\":10,\"start\":0}]'),(41,1,'2019-08-16 18:48:21','0:0:0:0:0:0:0:1','top.lishaojun.crm.service.impl.PermissionServiceImpl@ef5998c:PageResult top.lishaojun.crm.service.IPermissionService.queryForPage(QueryObject)','[{\"page\":1,\"rows\":10,\"rid\":null,\"start\":0}]'),(42,1,'2019-08-16 18:48:29','0:0:0:0:0:0:0:1','top.lishaojun.crm.service.impl.PermissionServiceImpl@ef5998c:PageResult top.lishaojun.crm.service.IPermissionService.queryForPage(QueryObject)',NULL),(43,1,'2019-08-16 18:48:34','0:0:0:0:0:0:0:1','top.lishaojun.crm.service.impl.PermissionServiceImpl@ef5998c:PageResult top.lishaojun.crm.service.IPermissionService.queryForPage(QueryObject)',NULL),(44,NULL,'2019-08-16 18:50:39','0:0:0:0:0:0:0:1','top.lishaojun.crm.service.impl.EmployeeServiceImpl@6c03feef:Employee top.lishaojun.crm.service.IEmployeeService.getEmployeeForLogin(String,String)','[\"admin\",\"123\"]'),(45,1,'2019-08-16 18:50:41','0:0:0:0:0:0:0:1','top.lishaojun.crm.service.impl.RoleServiceImpl@414c2942:PageResult top.lishaojun.crm.service.IRoleService.queryForPage(QueryObject)','[{\"page\":1,\"rows\":10,\"start\":0}]'),(46,1,'2019-08-16 18:50:41','0:0:0:0:0:0:0:1','top.lishaojun.crm.service.impl.PermissionServiceImpl@1ff1529d:PageResult top.lishaojun.crm.service.IPermissionService.queryForPage(QueryObject)','[{\"page\":1,\"rows\":10,\"rid\":null,\"start\":0}]'),(47,1,'2019-08-16 18:50:45','0:0:0:0:0:0:0:1','top.lishaojun.crm.service.impl.PermissionServiceImpl@1ff1529d:PageResult top.lishaojun.crm.service.IPermissionService.queryForPage(QueryObject)',NULL),(48,NULL,'2019-08-16 18:59:18','0:0:0:0:0:0:0:1','top.lishaojun.crm.service.impl.EmployeeServiceImpl@261271e7:Employee top.lishaojun.crm.service.IEmployeeService.getEmployeeForLogin(String,String)','[\"admin\",\"123\"]'),(49,1,'2019-08-16 18:59:31','0:0:0:0:0:0:0:1','top.lishaojun.crm.service.impl.RoleServiceImpl@3a6f5a7a:PageResult top.lishaojun.crm.service.IRoleService.queryForPage(QueryObject)','[{\"page\":1,\"rows\":10,\"start\":0}]'),(50,1,'2019-08-16 18:59:31','0:0:0:0:0:0:0:1','top.lishaojun.crm.service.impl.PermissionServiceImpl@64c7b79b:PageResult top.lishaojun.crm.service.IPermissionService.queryForPage(QueryObject)','[{\"page\":1,\"rows\":10,\"rid\":null,\"start\":0}]'),(51,1,'2019-08-16 18:59:53','0:0:0:0:0:0:0:1','top.lishaojun.crm.service.impl.PermissionServiceImpl@64c7b79b:PageResult top.lishaojun.crm.service.IPermissionService.queryForPage(QueryObject)','[{\"page\":1,\"rows\":10,\"rid\":2,\"start\":0}]'),(52,1,'2019-08-16 19:01:49','0:0:0:0:0:0:0:1','top.lishaojun.crm.service.impl.RoleServiceImpl@3a6f5a7a:PageResult top.lishaojun.crm.service.IRoleService.queryForPage(QueryObject)','[{\"page\":1,\"rows\":10,\"start\":0}]'),(53,1,'2019-08-16 19:01:49','0:0:0:0:0:0:0:1','top.lishaojun.crm.service.impl.PermissionServiceImpl@64c7b79b:PageResult top.lishaojun.crm.service.IPermissionService.queryForPage(QueryObject)','[{\"page\":1,\"rows\":10,\"rid\":null,\"start\":0}]'),(54,1,'2019-08-16 19:01:53','0:0:0:0:0:0:0:1','top.lishaojun.crm.service.impl.PermissionServiceImpl@64c7b79b:PageResult top.lishaojun.crm.service.IPermissionService.queryForPage(QueryObject)','[{\"page\":1,\"rows\":10,\"rid\":2,\"start\":0}]'),(55,1,'2019-08-16 19:02:56','0:0:0:0:0:0:0:1','top.lishaojun.crm.service.impl.RoleServiceImpl@3a6f5a7a:PageResult top.lishaojun.crm.service.IRoleService.queryForPage(QueryObject)','[{\"page\":1,\"rows\":10,\"start\":0}]'),(56,1,'2019-08-16 19:02:56','0:0:0:0:0:0:0:1','top.lishaojun.crm.service.impl.PermissionServiceImpl@64c7b79b:PageResult top.lishaojun.crm.service.IPermissionService.queryForPage(QueryObject)','[{\"page\":1,\"rows\":10,\"rid\":null,\"start\":0}]'),(57,1,'2019-08-16 19:02:58','0:0:0:0:0:0:0:1','top.lishaojun.crm.service.impl.PermissionServiceImpl@64c7b79b:PageResult top.lishaojun.crm.service.IPermissionService.queryForPage(QueryObject)','[{\"page\":1,\"rows\":10,\"rid\":2,\"start\":0}]'),(58,1,'2019-08-16 19:03:26','0:0:0:0:0:0:0:1','top.lishaojun.crm.service.impl.PermissionServiceImpl@64c7b79b:PageResult top.lishaojun.crm.service.IPermissionService.queryForPage(QueryObject)','[{\"page\":1,\"rows\":10,\"rid\":4,\"start\":0}]'),(59,1,'2019-08-16 19:03:29','0:0:0:0:0:0:0:1','top.lishaojun.crm.service.impl.PermissionServiceImpl@64c7b79b:PageResult top.lishaojun.crm.service.IPermissionService.queryForPage(QueryObject)','[{\"page\":1,\"rows\":10,\"rid\":5,\"start\":0}]'),(60,1,'2019-08-16 19:03:32','0:0:0:0:0:0:0:1','top.lishaojun.crm.service.impl.PermissionServiceImpl@64c7b79b:PageResult top.lishaojun.crm.service.IPermissionService.queryForPage(QueryObject)','[{\"page\":1,\"rows\":10,\"rid\":2,\"start\":0}]'),(61,NULL,'2019-08-16 19:26:40','0:0:0:0:0:0:0:1','top.lishaojun.crm.service.impl.EmployeeServiceImpl@610d4178:Employee top.lishaojun.crm.service.IEmployeeService.getEmployeeForLogin(String,String)','[\"admin\",\"123\"]'),(62,1,'2019-08-16 19:26:41','0:0:0:0:0:0:0:1','top.lishaojun.crm.service.impl.PermissionServiceImpl@361d57fe:PageResult top.lishaojun.crm.service.IPermissionService.queryForPage(QueryObject)','[{\"page\":1,\"rows\":10,\"rid\":null,\"start\":0}]'),(63,1,'2019-08-16 19:26:41','0:0:0:0:0:0:0:1','top.lishaojun.crm.service.impl.RoleServiceImpl@2eed3c04:PageResult top.lishaojun.crm.service.IRoleService.queryForPage(QueryObject)','[{\"page\":1,\"rows\":10,\"start\":0}]'),(64,1,'2019-08-16 19:26:44','0:0:0:0:0:0:0:1','top.lishaojun.crm.service.impl.PermissionServiceImpl@361d57fe:PageResult top.lishaojun.crm.service.IPermissionService.queryForPage(QueryObject)','[{\"page\":1,\"rows\":10,\"rid\":2,\"start\":0}]'),(65,1,'2019-08-16 19:27:02','0:0:0:0:0:0:0:1','top.lishaojun.crm.service.impl.PermissionServiceImpl@361d57fe:PageResult top.lishaojun.crm.service.IPermissionService.queryForPage(QueryObject)','[{\"page\":1,\"rows\":10,\"rid\":3,\"start\":0}]'),(66,1,'2019-08-16 19:27:06','0:0:0:0:0:0:0:1','top.lishaojun.crm.service.impl.PermissionServiceImpl@361d57fe:PageResult top.lishaojun.crm.service.IPermissionService.queryForPage(QueryObject)','[{\"page\":1,\"rows\":10,\"rid\":4,\"start\":0}]'),(67,1,'2019-08-16 19:29:35','0:0:0:0:0:0:0:1','top.lishaojun.crm.service.impl.PermissionServiceImpl@361d57fe:PageResult top.lishaojun.crm.service.IPermissionService.queryForPage(QueryObject)','[{\"page\":1,\"rows\":10,\"rid\":2,\"start\":0}]'),(68,1,'2019-08-16 19:29:52','0:0:0:0:0:0:0:1','top.lishaojun.crm.service.impl.PermissionServiceImpl@361d57fe:PageResult top.lishaojun.crm.service.IPermissionService.queryForPage(QueryObject)','[{\"page\":1,\"rows\":10,\"rid\":2,\"start\":0}]'),(69,1,'2019-08-16 19:29:56','0:0:0:0:0:0:0:1','top.lishaojun.crm.service.impl.RoleServiceImpl@2eed3c04:PageResult top.lishaojun.crm.service.IRoleService.queryForPage(QueryObject)','[{\"page\":1,\"rows\":10,\"start\":0}]'),(70,1,'2019-08-16 19:29:56','0:0:0:0:0:0:0:1','top.lishaojun.crm.service.impl.PermissionServiceImpl@361d57fe:PageResult top.lishaojun.crm.service.IPermissionService.queryForPage(QueryObject)','[{\"page\":1,\"rows\":10,\"rid\":null,\"start\":0}]'),(71,1,'2019-08-16 19:30:07','0:0:0:0:0:0:0:1','top.lishaojun.crm.service.impl.PermissionServiceImpl@361d57fe:PageResult top.lishaojun.crm.service.IPermissionService.queryForPage(QueryObject)',NULL),(72,1,'2019-08-16 19:37:30','0:0:0:0:0:0:0:1','top.lishaojun.crm.service.impl.RoleServiceImpl@2eed3c04:PageResult top.lishaojun.crm.service.IRoleService.queryForPage(QueryObject)','[{\"page\":1,\"rows\":10,\"start\":0}]'),(73,1,'2019-08-16 19:37:30','0:0:0:0:0:0:0:1','top.lishaojun.crm.service.impl.PermissionServiceImpl@361d57fe:PageResult top.lishaojun.crm.service.IPermissionService.queryForPage(QueryObject)','[{\"page\":1,\"rows\":10,\"rid\":null,\"start\":0}]'),(74,1,'2019-08-16 19:37:35','0:0:0:0:0:0:0:1','top.lishaojun.crm.service.impl.PermissionServiceImpl@361d57fe:PageResult top.lishaojun.crm.service.IPermissionService.queryForPage(QueryObject)','[{\"page\":1,\"rows\":10,\"rid\":3,\"start\":0}]'),(75,NULL,'2019-08-16 19:48:09','0:0:0:0:0:0:0:1','top.lishaojun.crm.service.impl.EmployeeServiceImpl@25602dff:Employee top.lishaojun.crm.service.IEmployeeService.getEmployeeForLogin(String,String)','[\"admin\",\"123\"]'),(76,1,'2019-08-16 19:48:10','0:0:0:0:0:0:0:1','top.lishaojun.crm.service.impl.PermissionServiceImpl@320ae973:PageResult top.lishaojun.crm.service.IPermissionService.queryForPage(QueryObject)','[{\"page\":1,\"rows\":10,\"rid\":null,\"start\":0}]'),(77,1,'2019-08-16 19:48:10','0:0:0:0:0:0:0:1','top.lishaojun.crm.service.impl.RoleServiceImpl@4783668a:PageResult top.lishaojun.crm.service.IRoleService.queryForPage(QueryObject)','[{\"page\":1,\"rows\":10,\"start\":0}]'),(78,1,'2019-08-16 19:48:16','0:0:0:0:0:0:0:1','top.lishaojun.crm.service.impl.PermissionServiceImpl@320ae973:PageResult top.lishaojun.crm.service.IPermissionService.queryForPage(QueryObject)','[{\"page\":1,\"rows\":10,\"rid\":5,\"start\":0}]'),(79,1,'2019-08-16 19:48:20','0:0:0:0:0:0:0:1','top.lishaojun.crm.service.impl.PermissionServiceImpl@320ae973:PageResult top.lishaojun.crm.service.IPermissionService.queryForPage(QueryObject)','[{\"page\":1,\"rows\":10,\"rid\":1,\"start\":0}]'),(80,1,'2019-08-16 19:48:25','0:0:0:0:0:0:0:1','top.lishaojun.crm.service.impl.RoleServiceImpl@4783668a:int top.lishaojun.crm.service.IRoleService.deleteByPrimaryKey(Long)','[1]'),(81,1,'2019-08-16 19:48:26','0:0:0:0:0:0:0:1','top.lishaojun.crm.service.impl.RoleServiceImpl@4783668a:PageResult top.lishaojun.crm.service.IRoleService.queryForPage(QueryObject)','[{\"page\":1,\"rows\":10,\"start\":0}]'),(82,1,'2019-08-16 19:48:30','0:0:0:0:0:0:0:1','top.lishaojun.crm.service.impl.RoleServiceImpl@4783668a:int top.lishaojun.crm.service.IRoleService.deleteByPrimaryKey(Long)','[2]'),(83,1,'2019-08-16 19:48:32','0:0:0:0:0:0:0:1','top.lishaojun.crm.service.impl.RoleServiceImpl@4783668a:PageResult top.lishaojun.crm.service.IRoleService.queryForPage(QueryObject)','[{\"page\":1,\"rows\":10,\"start\":0}]'),(84,1,'2019-08-16 19:48:36','0:0:0:0:0:0:0:1','top.lishaojun.crm.service.impl.RoleServiceImpl@4783668a:int top.lishaojun.crm.service.IRoleService.deleteByPrimaryKey(Long)','[3]'),(85,1,'2019-08-16 19:48:38','0:0:0:0:0:0:0:1','top.lishaojun.crm.service.impl.RoleServiceImpl@4783668a:PageResult top.lishaojun.crm.service.IRoleService.queryForPage(QueryObject)','[{\"page\":1,\"rows\":10,\"start\":0}]'),(86,1,'2019-08-16 19:48:41','0:0:0:0:0:0:0:1','top.lishaojun.crm.service.impl.RoleServiceImpl@4783668a:int top.lishaojun.crm.service.IRoleService.deleteByPrimaryKey(Long)','[4]'),(87,1,'2019-08-16 19:48:43','0:0:0:0:0:0:0:1','top.lishaojun.crm.service.impl.RoleServiceImpl@4783668a:PageResult top.lishaojun.crm.service.IRoleService.queryForPage(QueryObject)','[{\"page\":1,\"rows\":10,\"start\":0}]'),(88,1,'2019-08-16 19:48:48','0:0:0:0:0:0:0:1','top.lishaojun.crm.service.impl.RoleServiceImpl@4783668a:PageResult top.lishaojun.crm.service.IRoleService.queryForPage(QueryObject)','[{\"page\":1,\"rows\":10,\"start\":0}]'),(89,1,'2019-08-16 19:48:49','0:0:0:0:0:0:0:1','top.lishaojun.crm.service.impl.RoleServiceImpl@4783668a:PageResult top.lishaojun.crm.service.IRoleService.queryForPage(QueryObject)','[{\"page\":1,\"rows\":10,\"start\":0}]'),(90,1,'2019-08-16 19:48:49','0:0:0:0:0:0:0:1','top.lishaojun.crm.service.impl.RoleServiceImpl@4783668a:PageResult top.lishaojun.crm.service.IRoleService.queryForPage(QueryObject)','[{\"page\":1,\"rows\":10,\"start\":0}]'),(91,1,'2019-08-16 19:48:53','0:0:0:0:0:0:0:1','top.lishaojun.crm.service.impl.RoleServiceImpl@4783668a:int top.lishaojun.crm.service.IRoleService.deleteByPrimaryKey(Long)','[5]'),(92,1,'2019-08-16 19:48:55','0:0:0:0:0:0:0:1','top.lishaojun.crm.service.impl.RoleServiceImpl@4783668a:PageResult top.lishaojun.crm.service.IRoleService.queryForPage(QueryObject)','[{\"page\":1,\"rows\":10,\"start\":0}]'),(93,1,'2019-08-16 19:49:12','0:0:0:0:0:0:0:1','top.lishaojun.crm.service.impl.RoleServiceImpl@4783668a:int top.lishaojun.crm.service.IRoleService.insert(Role)','[{\"id\":6,\"name\":\"超级管理员\",\"sn\":\"001\",\"permissions\":[{\"id\":1,\"name\":null,\"resource\":null},{\"id\":2,\"name\":null,\"resource\":null},{\"id\":3,\"name\":null,\"resource\":null}]}]'),(94,1,'2019-08-16 19:49:13','0:0:0:0:0:0:0:1','top.lishaojun.crm.service.impl.RoleServiceImpl@4783668a:PageResult top.lishaojun.crm.service.IRoleService.queryForPage(QueryObject)','[{\"page\":1,\"rows\":10,\"start\":0}]'),(95,1,'2019-08-16 19:50:45','0:0:0:0:0:0:0:1','top.lishaojun.crm.service.impl.RoleServiceImpl@4783668a:PageResult top.lishaojun.crm.service.IRoleService.queryForPage(QueryObject)','[{\"page\":1,\"rows\":10,\"start\":0}]'),(96,1,'2019-08-16 19:50:45','0:0:0:0:0:0:0:1','top.lishaojun.crm.service.impl.PermissionServiceImpl@320ae973:PageResult top.lishaojun.crm.service.IPermissionService.queryForPage(QueryObject)','[{\"page\":1,\"rows\":10,\"rid\":null,\"start\":0}]'),(97,1,'2019-08-16 19:51:47','0:0:0:0:0:0:0:1','top.lishaojun.crm.service.impl.RoleServiceImpl@4783668a:PageResult top.lishaojun.crm.service.IRoleService.queryForPage(QueryObject)','[{\"page\":1,\"rows\":10,\"start\":0}]'),(98,1,'2019-08-16 19:51:47','0:0:0:0:0:0:0:1','top.lishaojun.crm.service.impl.PermissionServiceImpl@320ae973:PageResult top.lishaojun.crm.service.IPermissionService.queryForPage(QueryObject)','[{\"page\":1,\"rows\":10,\"rid\":null,\"start\":0}]'),(99,1,'2019-08-16 19:54:53','0:0:0:0:0:0:0:1','top.lishaojun.crm.service.impl.PermissionServiceImpl@320ae973:PageResult top.lishaojun.crm.service.IPermissionService.queryForPage(QueryObject)','[{\"page\":1,\"rows\":10,\"rid\":6,\"start\":0}]'),(100,1,'2019-08-16 19:54:57','0:0:0:0:0:0:0:1','top.lishaojun.crm.service.impl.PermissionServiceImpl@320ae973:PageResult top.lishaojun.crm.service.IPermissionService.queryForPage(QueryObject)','[{\"page\":1,\"rows\":10,\"rid\":6,\"start\":0}]'),(101,1,'2019-08-16 19:57:36','0:0:0:0:0:0:0:1','top.lishaojun.crm.service.impl.RoleServiceImpl@4783668a:PageResult top.lishaojun.crm.service.IRoleService.queryForPage(QueryObject)','[{\"page\":1,\"rows\":10,\"start\":0}]'),(102,1,'2019-08-16 19:57:36','0:0:0:0:0:0:0:1','top.lishaojun.crm.service.impl.PermissionServiceImpl@320ae973:PageResult top.lishaojun.crm.service.IPermissionService.queryForPage(QueryObject)','[{\"page\":1,\"rows\":10,\"rid\":null,\"start\":0}]'),(103,1,'2019-08-16 19:57:47','0:0:0:0:0:0:0:1','top.lishaojun.crm.service.impl.RoleServiceImpl@4783668a:PageResult top.lishaojun.crm.service.IRoleService.queryForPage(QueryObject)','[{\"page\":1,\"rows\":10,\"start\":0}]'),(104,1,'2019-08-16 19:57:47','0:0:0:0:0:0:0:1','top.lishaojun.crm.service.impl.PermissionServiceImpl@320ae973:PageResult top.lishaojun.crm.service.IPermissionService.queryForPage(QueryObject)','[{\"page\":1,\"rows\":10,\"rid\":null,\"start\":0}]'),(105,1,'2019-08-16 20:00:29','0:0:0:0:0:0:0:1','top.lishaojun.crm.service.impl.RoleServiceImpl@4783668a:PageResult top.lishaojun.crm.service.IRoleService.queryForPage(QueryObject)','[{\"page\":1,\"rows\":10,\"start\":0}]'),(106,1,'2019-08-16 20:00:29','0:0:0:0:0:0:0:1','top.lishaojun.crm.service.impl.PermissionServiceImpl@320ae973:PageResult top.lishaojun.crm.service.IPermissionService.queryForPage(QueryObject)','[{\"page\":1,\"rows\":10,\"rid\":null,\"start\":0}]'),(107,1,'2019-08-16 20:02:37','0:0:0:0:0:0:0:1','top.lishaojun.crm.service.impl.RoleServiceImpl@4783668a:PageResult top.lishaojun.crm.service.IRoleService.queryForPage(QueryObject)','[{\"page\":1,\"rows\":10,\"start\":0}]'),(108,1,'2019-08-16 20:02:37','0:0:0:0:0:0:0:1','top.lishaojun.crm.service.impl.PermissionServiceImpl@320ae973:PageResult top.lishaojun.crm.service.IPermissionService.queryForPage(QueryObject)','[{\"page\":1,\"rows\":10,\"rid\":null,\"start\":0}]'),(109,1,'2019-08-16 20:07:38','0:0:0:0:0:0:0:1','top.lishaojun.crm.service.impl.RoleServiceImpl@4783668a:PageResult top.lishaojun.crm.service.IRoleService.queryForPage(QueryObject)','[{\"page\":1,\"rows\":10,\"start\":0}]'),(110,1,'2019-08-16 20:07:38','0:0:0:0:0:0:0:1','top.lishaojun.crm.service.impl.PermissionServiceImpl@320ae973:PageResult top.lishaojun.crm.service.IPermissionService.queryForPage(QueryObject)','[{\"page\":1,\"rows\":10,\"rid\":null,\"start\":0}]'),(111,1,'2019-08-16 20:09:24','0:0:0:0:0:0:0:1','top.lishaojun.crm.service.impl.RoleServiceImpl@4783668a:PageResult top.lishaojun.crm.service.IRoleService.queryForPage(QueryObject)','[{\"page\":1,\"rows\":10,\"start\":0}]'),(112,1,'2019-08-16 20:09:24','0:0:0:0:0:0:0:1','top.lishaojun.crm.service.impl.PermissionServiceImpl@320ae973:PageResult top.lishaojun.crm.service.IPermissionService.queryForPage(QueryObject)','[{\"page\":1,\"rows\":10,\"rid\":null,\"start\":0}]'),(113,NULL,'2019-08-16 22:48:19','0:0:0:0:0:0:0:1','top.lishaojun.crm.service.impl.EmployeeServiceImpl@25602dff:Employee top.lishaojun.crm.service.IEmployeeService.getEmployeeForLogin(String,String)','[\"admin\",\"123\"]'),(114,1,'2019-08-16 22:48:25','0:0:0:0:0:0:0:1','top.lishaojun.crm.service.impl.DepartmentServiceImpl@4ef4d362:List top.lishaojun.crm.service.IDepartmentService.queryForEmp()','[]'),(115,1,'2019-08-16 22:48:25','0:0:0:0:0:0:0:1','top.lishaojun.crm.service.impl.EmployeeServiceImpl@25602dff:PageResult top.lishaojun.crm.service.IEmployeeService.queryForPage(EmployeeQueryObject)','[{\"page\":1,\"rows\":10,\"keyword\":null,\"start\":0}]'),(116,1,'2019-08-16 22:48:39','0:0:0:0:0:0:0:1','top.lishaojun.crm.service.impl.EmployeeServiceImpl@25602dff:PageResult top.lishaojun.crm.service.IEmployeeService.queryForPage(EmployeeQueryObject)','[{\"page\":1,\"rows\":10,\"keyword\":\"\",\"start\":0}]'),(117,1,'2019-08-16 22:48:40','0:0:0:0:0:0:0:1','top.lishaojun.crm.service.impl.EmployeeServiceImpl@25602dff:int top.lishaojun.crm.service.IEmployeeService.updateByPrimaryKey(Employee)','[{\"id\":1,\"username\":\"admin\",\"realname\":\"bravo1988\",\"password\":null,\"tel\":\"18257555358\",\"email\":\"523839773@qq.com\",\"dept\":{\"id\":1,\"sn\":null,\"name\":null,\"manager\":null,\"parent\":null,\"state\":null},\"inputtime\":\"2019-08-15\",\"state\":null,\"admin\":null}]'),(118,1,'2019-08-16 22:48:42','0:0:0:0:0:0:0:1','top.lishaojun.crm.service.impl.EmployeeServiceImpl@25602dff:PageResult top.lishaojun.crm.service.IEmployeeService.queryForPage(EmployeeQueryObject)','[{\"page\":1,\"rows\":10,\"keyword\":\"\",\"start\":0}]'),(119,NULL,'2019-08-17 09:40:37','0:0:0:0:0:0:0:1','top.lishaojun.crm.service.impl.EmployeeServiceImpl@25602dff:Employee top.lishaojun.crm.service.IEmployeeService.getEmployeeForLogin(String,String)','[\"admin\",\"123\"]'),(120,1,'2019-08-17 09:40:39','0:0:0:0:0:0:0:1','top.lishaojun.crm.service.impl.PermissionServiceImpl@320ae973:PageResult top.lishaojun.crm.service.IPermissionService.queryForPage(QueryObject)','[{\"page\":1,\"rows\":10,\"rid\":null,\"start\":0}]'),(121,1,'2019-08-17 09:40:39','0:0:0:0:0:0:0:1','top.lishaojun.crm.service.impl.RoleServiceImpl@4783668a:PageResult top.lishaojun.crm.service.IRoleService.queryForPage(QueryObject)','[{\"page\":1,\"rows\":10,\"start\":0}]'),(122,NULL,'2019-08-17 16:30:26','0:0:0:0:0:0:0:1','top.lishaojun.crm.service.impl.EmployeeServiceImpl@25602dff:Employee top.lishaojun.crm.service.IEmployeeService.getEmployeeForLogin(String,String)','[\"admin\",\"123\"]'),(123,1,'2019-08-17 16:30:27','0:0:0:0:0:0:0:1','top.lishaojun.crm.service.impl.RoleServiceImpl@4783668a:PageResult top.lishaojun.crm.service.IRoleService.queryForPage(QueryObject)','[{\"page\":1,\"rows\":10,\"start\":0}]'),(124,1,'2019-08-17 16:30:27','0:0:0:0:0:0:0:1','top.lishaojun.crm.service.impl.PermissionServiceImpl@320ae973:PageResult top.lishaojun.crm.service.IPermissionService.queryForPage(QueryObject)','[{\"page\":1,\"rows\":10,\"rid\":null,\"start\":0}]'),(125,1,'2019-08-17 16:30:35','0:0:0:0:0:0:0:1','top.lishaojun.crm.service.impl.PermissionServiceImpl@320ae973:PageResult top.lishaojun.crm.service.IPermissionService.queryForPage(QueryObject)','[{\"page\":1,\"rows\":10,\"rid\":6,\"start\":0}]'),(126,1,'2019-08-17 16:30:57','0:0:0:0:0:0:0:1','top.lishaojun.crm.service.impl.RoleServiceImpl@4783668a:int top.lishaojun.crm.service.IRoleService.insert(Role)','[{\"id\":7,\"name\":\"普通管理员也\",\"sn\":\"002\",\"permissions\":[{\"id\":2,\"name\":null,\"resource\":null},{\"id\":1,\"name\":null,\"resource\":null}]}]'),(127,1,'2019-08-17 16:30:59','0:0:0:0:0:0:0:1','top.lishaojun.crm.service.impl.RoleServiceImpl@4783668a:PageResult top.lishaojun.crm.service.IRoleService.queryForPage(QueryObject)','[{\"page\":1,\"rows\":10,\"start\":0}]'),(128,1,'2019-08-17 16:31:06','0:0:0:0:0:0:0:1','top.lishaojun.crm.service.impl.RoleServiceImpl@4783668a:PageResult top.lishaojun.crm.service.IRoleService.queryForPage(QueryObject)','[{\"page\":1,\"rows\":10,\"start\":0}]'),(129,1,'2019-08-17 16:31:16','0:0:0:0:0:0:0:1','top.lishaojun.crm.service.impl.RoleServiceImpl@4783668a:PageResult top.lishaojun.crm.service.IRoleService.queryForPage(QueryObject)','[{\"page\":1,\"rows\":10,\"start\":0}]'),(130,1,'2019-08-17 16:31:21','0:0:0:0:0:0:0:1','top.lishaojun.crm.service.impl.PermissionServiceImpl@320ae973:PageResult top.lishaojun.crm.service.IPermissionService.queryForPage(QueryObject)','[{\"page\":1,\"rows\":10,\"rid\":7,\"start\":0}]'),(131,1,'2019-08-17 16:31:24','0:0:0:0:0:0:0:1','top.lishaojun.crm.service.impl.RoleServiceImpl@4783668a:int top.lishaojun.crm.service.IRoleService.updateByPrimaryKey(Role)','[{\"id\":7,\"name\":\"普通管理员\",\"sn\":\"002\",\"permissions\":[{\"id\":1,\"name\":null,\"resource\":null},{\"id\":2,\"name\":null,\"resource\":null}]}]'),(132,1,'2019-08-17 16:31:26','0:0:0:0:0:0:0:1','top.lishaojun.crm.service.impl.RoleServiceImpl@4783668a:PageResult top.lishaojun.crm.service.IRoleService.queryForPage(QueryObject)','[{\"page\":1,\"rows\":10,\"start\":0}]'),(133,1,'2019-08-17 16:31:37','0:0:0:0:0:0:0:1','top.lishaojun.crm.service.impl.RoleServiceImpl@4783668a:PageResult top.lishaojun.crm.service.IRoleService.queryForPage(QueryObject)','[{\"page\":1,\"rows\":10,\"start\":0}]'),(134,1,'2019-08-17 16:32:18','0:0:0:0:0:0:0:1','top.lishaojun.crm.service.impl.RoleServiceImpl@4783668a:PageResult top.lishaojun.crm.service.IRoleService.queryForPage(QueryObject)','[{\"page\":1,\"rows\":10,\"start\":0}]'),(135,NULL,'2019-08-17 16:36:38','0:0:0:0:0:0:0:1','top.lishaojun.crm.service.impl.EmployeeServiceImpl@383f5e46:Employee top.lishaojun.crm.service.IEmployeeService.getEmployeeForLogin(String,String)','[\"admin\",\"123\"]'),(136,1,'2019-08-17 16:36:44','0:0:0:0:0:0:0:1','top.lishaojun.crm.service.impl.RoleServiceImpl@4c0aafc8:PageResult top.lishaojun.crm.service.IRoleService.queryForPage(QueryObject)','[{\"page\":1,\"rows\":10,\"start\":0}]'),(137,1,'2019-08-17 16:36:44','0:0:0:0:0:0:0:1','top.lishaojun.crm.service.impl.PermissionServiceImpl@1bd3bacc:PageResult top.lishaojun.crm.service.IPermissionService.queryForPage(QueryObject)','[{\"page\":1,\"rows\":10,\"rid\":null,\"start\":0}]'),(138,NULL,'2019-08-17 16:37:42','0:0:0:0:0:0:0:1','top.lishaojun.crm.service.impl.EmployeeServiceImpl@3173c592:Employee top.lishaojun.crm.service.IEmployeeService.getEmployeeForLogin(String,String)','[\"admin\",\"123\"]'),(139,1,'2019-08-17 16:37:44','0:0:0:0:0:0:0:1','top.lishaojun.crm.service.impl.RoleServiceImpl@722aac58:PageResult top.lishaojun.crm.service.IRoleService.queryForPage(QueryObject)','[{\"page\":1,\"rows\":10,\"keyword\":null,\"start\":0}]'),(140,1,'2019-08-17 16:37:44','0:0:0:0:0:0:0:1','top.lishaojun.crm.service.impl.PermissionServiceImpl@1f451257:PageResult top.lishaojun.crm.service.IPermissionService.queryForPage(QueryObject)','[{\"page\":1,\"rows\":10,\"rid\":null,\"start\":0}]'),(141,1,'2019-08-17 16:37:50','0:0:0:0:0:0:0:1','top.lishaojun.crm.service.impl.RoleServiceImpl@722aac58:PageResult top.lishaojun.crm.service.IRoleService.queryForPage(QueryObject)','[{\"page\":1,\"rows\":10,\"keyword\":\"超级\",\"start\":0}]'),(142,NULL,'2019-08-17 16:57:05','0:0:0:0:0:0:0:1','top.lishaojun.crm.service.impl.EmployeeServiceImpl@7854672f:Employee top.lishaojun.crm.service.IEmployeeService.getEmployeeForLogin(String,String)','[\"admin\",\"123\"]'),(143,1,'2019-08-17 16:57:07','0:0:0:0:0:0:0:1','top.lishaojun.crm.service.impl.DepartmentServiceImpl@3a1b171c:List top.lishaojun.crm.service.IDepartmentService.queryForEmp()','[]'),(144,1,'2019-08-17 16:57:07','0:0:0:0:0:0:0:1','top.lishaojun.crm.service.impl.RoleServiceImpl@1e2c2f57:List top.lishaojun.crm.service.IRoleService.selectAll()','[]'),(145,1,'2019-08-17 16:57:07','0:0:0:0:0:0:0:1','top.lishaojun.crm.service.impl.EmployeeServiceImpl@7854672f:PageResult top.lishaojun.crm.service.IEmployeeService.queryForPage(EmployeeQueryObject)','[{\"page\":1,\"rows\":10,\"keyword\":null,\"start\":0}]'),(146,1,'2019-08-17 16:57:53','0:0:0:0:0:0:0:1','top.lishaojun.crm.service.impl.DepartmentServiceImpl@3a1b171c:List top.lishaojun.crm.service.IDepartmentService.queryForEmp()','[]'),(147,1,'2019-08-17 16:57:53','0:0:0:0:0:0:0:1','top.lishaojun.crm.service.impl.RoleServiceImpl@1e2c2f57:List top.lishaojun.crm.service.IRoleService.selectAll()','[]'),(148,1,'2019-08-17 16:57:53','0:0:0:0:0:0:0:1','top.lishaojun.crm.service.impl.EmployeeServiceImpl@7854672f:PageResult top.lishaojun.crm.service.IEmployeeService.queryForPage(EmployeeQueryObject)','[{\"page\":1,\"rows\":10,\"keyword\":null,\"start\":0}]'),(149,1,'2019-08-17 16:58:22','0:0:0:0:0:0:0:1','top.lishaojun.crm.service.impl.DepartmentServiceImpl@3a1b171c:List top.lishaojun.crm.service.IDepartmentService.queryForEmp()','[]'),(150,1,'2019-08-17 16:58:22','0:0:0:0:0:0:0:1','top.lishaojun.crm.service.impl.RoleServiceImpl@1e2c2f57:List top.lishaojun.crm.service.IRoleService.selectAll()','[]'),(151,1,'2019-08-17 16:58:22','0:0:0:0:0:0:0:1','top.lishaojun.crm.service.impl.EmployeeServiceImpl@7854672f:PageResult top.lishaojun.crm.service.IEmployeeService.queryForPage(EmployeeQueryObject)','[{\"page\":1,\"rows\":10,\"keyword\":null,\"start\":0}]'),(152,1,'2019-08-17 16:58:36','0:0:0:0:0:0:0:1','top.lishaojun.crm.service.impl.RoleServiceImpl@1e2c2f57:PageResult top.lishaojun.crm.service.IRoleService.queryForPage(QueryObject)','[{\"page\":1,\"rows\":10,\"keyword\":null,\"start\":0}]'),(153,1,'2019-08-17 16:58:36','0:0:0:0:0:0:0:1','top.lishaojun.crm.service.impl.PermissionServiceImpl@3c7a139f:PageResult top.lishaojun.crm.service.IPermissionService.queryForPage(QueryObject)','[{\"page\":1,\"rows\":10,\"rid\":null,\"start\":0}]'),(154,1,'2019-08-17 16:59:08','0:0:0:0:0:0:0:1','top.lishaojun.crm.service.impl.DepartmentServiceImpl@3a1b171c:List top.lishaojun.crm.service.IDepartmentService.queryForEmp()','[]'),(155,1,'2019-08-17 16:59:08','0:0:0:0:0:0:0:1','top.lishaojun.crm.service.impl.RoleServiceImpl@1e2c2f57:List top.lishaojun.crm.service.IRoleService.selectAll()','[]'),(156,1,'2019-08-17 16:59:08','0:0:0:0:0:0:0:1','top.lishaojun.crm.service.impl.EmployeeServiceImpl@7854672f:PageResult top.lishaojun.crm.service.IEmployeeService.queryForPage(EmployeeQueryObject)','[{\"page\":1,\"rows\":10,\"keyword\":null,\"start\":0}]'),(157,NULL,'2019-08-17 16:59:23','0:0:0:0:0:0:0:1','top.lishaojun.crm.service.impl.EmployeeServiceImpl@7854672f:Employee top.lishaojun.crm.service.IEmployeeService.getEmployeeForLogin(String,String)','[\"admin\",\"123\"]'),(158,1,'2019-08-17 16:59:24','0:0:0:0:0:0:0:1','top.lishaojun.crm.service.impl.DepartmentServiceImpl@3a1b171c:List top.lishaojun.crm.service.IDepartmentService.queryForEmp()','[]'),(159,1,'2019-08-17 16:59:24','0:0:0:0:0:0:0:1','top.lishaojun.crm.service.impl.RoleServiceImpl@1e2c2f57:List top.lishaojun.crm.service.IRoleService.selectAll()','[]'),(160,1,'2019-08-17 16:59:24','0:0:0:0:0:0:0:1','top.lishaojun.crm.service.impl.EmployeeServiceImpl@7854672f:PageResult top.lishaojun.crm.service.IEmployeeService.queryForPage(EmployeeQueryObject)','[{\"page\":1,\"rows\":10,\"keyword\":null,\"start\":0}]'),(161,1,'2019-08-17 16:59:40','0:0:0:0:0:0:0:1','top.lishaojun.crm.service.impl.DepartmentServiceImpl@3a1b171c:List top.lishaojun.crm.service.IDepartmentService.queryForEmp()','[]'),(162,1,'2019-08-17 16:59:40','0:0:0:0:0:0:0:1','top.lishaojun.crm.service.impl.RoleServiceImpl@1e2c2f57:List top.lishaojun.crm.service.IRoleService.selectAll()','[]'),(163,1,'2019-08-17 16:59:40','0:0:0:0:0:0:0:1','top.lishaojun.crm.service.impl.EmployeeServiceImpl@7854672f:PageResult top.lishaojun.crm.service.IEmployeeService.queryForPage(EmployeeQueryObject)','[{\"page\":1,\"rows\":10,\"keyword\":null,\"start\":0}]'),(164,1,'2019-08-17 16:59:54','0:0:0:0:0:0:0:1','top.lishaojun.crm.service.impl.DepartmentServiceImpl@3a1b171c:List top.lishaojun.crm.service.IDepartmentService.queryForEmp()','[]'),(165,1,'2019-08-17 16:59:54','0:0:0:0:0:0:0:1','top.lishaojun.crm.service.impl.RoleServiceImpl@1e2c2f57:List top.lishaojun.crm.service.IRoleService.selectAll()','[]'),(166,1,'2019-08-17 16:59:54','0:0:0:0:0:0:0:1','top.lishaojun.crm.service.impl.EmployeeServiceImpl@7854672f:PageResult top.lishaojun.crm.service.IEmployeeService.queryForPage(EmployeeQueryObject)','[{\"page\":1,\"rows\":10,\"keyword\":null,\"start\":0}]'),(167,NULL,'2019-08-17 17:25:05','0:0:0:0:0:0:0:1','top.lishaojun.crm.service.impl.EmployeeServiceImpl@54859d12:Employee top.lishaojun.crm.service.IEmployeeService.getEmployeeForLogin(String,String)','[\"admin\",\"123\"]'),(168,1,'2019-08-17 17:25:22','0:0:0:0:0:0:0:1','top.lishaojun.crm.service.impl.DepartmentServiceImpl@8a3ab5b:List top.lishaojun.crm.service.IDepartmentService.queryForEmp()','[]'),(169,1,'2019-08-17 17:25:22','0:0:0:0:0:0:0:1','top.lishaojun.crm.service.impl.RoleServiceImpl@5ff77017:List top.lishaojun.crm.service.IRoleService.selectAll()','[]'),(170,1,'2019-08-17 17:25:22','0:0:0:0:0:0:0:1','top.lishaojun.crm.service.impl.EmployeeServiceImpl@54859d12:PageResult top.lishaojun.crm.service.IEmployeeService.queryForPage(EmployeeQueryObject)','[{\"page\":1,\"rows\":10,\"keyword\":null,\"start\":0}]'),(171,1,'2019-08-17 17:26:14','0:0:0:0:0:0:0:1','top.lishaojun.crm.service.impl.EmployeeServiceImpl@54859d12:int top.lishaojun.crm.service.IEmployeeService.insert(Employee)','[{\"id\":37,\"username\":\"新增测试\",\"realname\":\"测试1号\",\"password\":\"123\",\"tel\":\"18247238249\",\"email\":\"523839773@qq.com\",\"dept\":{\"id\":2,\"sn\":null,\"name\":null,\"manager\":null,\"parent\":null,\"state\":null},\"inputtime\":\"2019-08-17\",\"state\":true,\"admin\":false,\"roles\":[{\"id\":6,\"name\":null,\"sn\":null,\"permissions\":[]},{\"id\":7,\"name\":null,\"sn\":null,\"permissions\":[]}]}]'),(172,1,'2019-08-17 17:26:15','0:0:0:0:0:0:0:1','top.lishaojun.crm.service.impl.EmployeeServiceImpl@54859d12:PageResult top.lishaojun.crm.service.IEmployeeService.queryForPage(EmployeeQueryObject)','[{\"page\":1,\"rows\":10,\"keyword\":null,\"start\":0}]'),(173,1,'2019-08-17 17:26:22','0:0:0:0:0:0:0:1','top.lishaojun.crm.service.impl.EmployeeServiceImpl@54859d12:PageResult top.lishaojun.crm.service.IEmployeeService.queryForPage(EmployeeQueryObject)','[{\"page\":1,\"rows\":10,\"keyword\":null,\"start\":0}]'),(174,1,'2019-08-17 17:26:24','0:0:0:0:0:0:0:1','top.lishaojun.crm.service.impl.EmployeeServiceImpl@54859d12:PageResult top.lishaojun.crm.service.IEmployeeService.queryForPage(EmployeeQueryObject)','[{\"page\":1,\"rows\":10,\"keyword\":null,\"start\":0}]'),(175,1,'2019-08-17 17:26:24','0:0:0:0:0:0:0:1','top.lishaojun.crm.service.impl.EmployeeServiceImpl@54859d12:PageResult top.lishaojun.crm.service.IEmployeeService.queryForPage(EmployeeQueryObject)','[{\"page\":1,\"rows\":10,\"keyword\":null,\"start\":0}]'),(176,1,'2019-08-17 17:26:25','0:0:0:0:0:0:0:1','top.lishaojun.crm.service.impl.EmployeeServiceImpl@54859d12:PageResult top.lishaojun.crm.service.IEmployeeService.queryForPage(EmployeeQueryObject)','[{\"page\":1,\"rows\":10,\"keyword\":null,\"start\":0}]'),(177,1,'2019-08-17 17:26:25','0:0:0:0:0:0:0:1','top.lishaojun.crm.service.impl.EmployeeServiceImpl@54859d12:PageResult top.lishaojun.crm.service.IEmployeeService.queryForPage(EmployeeQueryObject)','[{\"page\":1,\"rows\":10,\"keyword\":null,\"start\":0}]'),(178,1,'2019-08-17 17:26:25','0:0:0:0:0:0:0:1','top.lishaojun.crm.service.impl.EmployeeServiceImpl@54859d12:PageResult top.lishaojun.crm.service.IEmployeeService.queryForPage(EmployeeQueryObject)','[{\"page\":1,\"rows\":10,\"keyword\":null,\"start\":0}]'),(179,1,'2019-08-17 17:26:26','0:0:0:0:0:0:0:1','top.lishaojun.crm.service.impl.EmployeeServiceImpl@54859d12:PageResult top.lishaojun.crm.service.IEmployeeService.queryForPage(EmployeeQueryObject)','[{\"page\":1,\"rows\":10,\"keyword\":null,\"start\":0}]'),(180,1,'2019-08-17 17:26:26','0:0:0:0:0:0:0:1','top.lishaojun.crm.service.impl.EmployeeServiceImpl@54859d12:PageResult top.lishaojun.crm.service.IEmployeeService.queryForPage(EmployeeQueryObject)','[{\"page\":1,\"rows\":10,\"keyword\":null,\"start\":0}]'),(181,1,'2019-08-17 17:26:29','0:0:0:0:0:0:0:1','top.lishaojun.crm.service.impl.RoleServiceImpl@5ff77017:PageResult top.lishaojun.crm.service.IRoleService.queryForPage(QueryObject)','[{\"page\":1,\"rows\":10,\"keyword\":null,\"start\":0}]'),(182,1,'2019-08-17 17:26:30','0:0:0:0:0:0:0:1','top.lishaojun.crm.service.impl.PermissionServiceImpl@17aea63c:PageResult top.lishaojun.crm.service.IPermissionService.queryForPage(QueryObject)','[{\"page\":1,\"rows\":10,\"rid\":null,\"start\":0}]'),(183,1,'2019-08-17 17:26:30','0:0:0:0:0:0:0:1','top.lishaojun.crm.service.impl.DepartmentServiceImpl@8a3ab5b:List top.lishaojun.crm.service.IDepartmentService.queryForEmp()','[]'),(184,1,'2019-08-17 17:26:30','0:0:0:0:0:0:0:1','top.lishaojun.crm.service.impl.RoleServiceImpl@5ff77017:List top.lishaojun.crm.service.IRoleService.selectAll()','[]'),(185,1,'2019-08-17 17:26:30','0:0:0:0:0:0:0:1','top.lishaojun.crm.service.impl.EmployeeServiceImpl@54859d12:PageResult top.lishaojun.crm.service.IEmployeeService.queryForPage(EmployeeQueryObject)','[{\"page\":1,\"rows\":10,\"keyword\":null,\"start\":0}]'),(186,1,'2019-08-17 17:26:47','0:0:0:0:0:0:0:1','top.lishaojun.crm.service.impl.EmployeeServiceImpl@54859d12:PageResult top.lishaojun.crm.service.IEmployeeService.queryForPage(EmployeeQueryObject)','[{\"page\":2,\"rows\":10,\"keyword\":null,\"start\":10}]'),(187,1,'2019-08-17 17:33:42','0:0:0:0:0:0:0:1','top.lishaojun.crm.service.impl.RoleServiceImpl@5ff77017:PageResult top.lishaojun.crm.service.IRoleService.queryForPage(QueryObject)','[{\"page\":1,\"rows\":10,\"keyword\":null,\"start\":0}]'),(188,1,'2019-08-17 17:33:42','0:0:0:0:0:0:0:1','top.lishaojun.crm.service.impl.PermissionServiceImpl@17aea63c:PageResult top.lishaojun.crm.service.IPermissionService.queryForPage(QueryObject)','[{\"page\":1,\"rows\":10,\"rid\":null,\"start\":0}]'),(189,1,'2019-08-17 17:33:47','0:0:0:0:0:0:0:1','top.lishaojun.crm.service.impl.PermissionServiceImpl@17aea63c:PageResult top.lishaojun.crm.service.IPermissionService.queryForPage(QueryObject)','[{\"page\":1,\"rows\":10,\"rid\":6,\"start\":0}]'),(190,1,'2019-08-17 17:33:53','0:0:0:0:0:0:0:1','top.lishaojun.crm.service.impl.RoleServiceImpl@5ff77017:int top.lishaojun.crm.service.IRoleService.updateByPrimaryKey(Role)','[{\"id\":6,\"name\":\"超级管理员\",\"sn\":\"001\",\"permissions\":[{\"id\":1,\"name\":null,\"resource\":null},{\"id\":2,\"name\":null,\"resource\":null},{\"id\":3,\"name\":null,\"resource\":null}]}]'),(191,1,'2019-08-17 17:33:55','0:0:0:0:0:0:0:1','top.lishaojun.crm.service.impl.RoleServiceImpl@5ff77017:PageResult top.lishaojun.crm.service.IRoleService.queryForPage(QueryObject)','[{\"page\":1,\"rows\":10,\"keyword\":null,\"start\":0}]'),(192,1,'2019-08-17 17:33:58','0:0:0:0:0:0:0:1','top.lishaojun.crm.service.impl.PermissionServiceImpl@17aea63c:PageResult top.lishaojun.crm.service.IPermissionService.queryForPage(QueryObject)','[{\"page\":1,\"rows\":10,\"rid\":7,\"start\":0}]'),(193,1,'2019-08-17 17:34:03','0:0:0:0:0:0:0:1','top.lishaojun.crm.service.impl.RoleServiceImpl@5ff77017:int top.lishaojun.crm.service.IRoleService.updateByPrimaryKey(Role)','[{\"id\":7,\"name\":\"普通管理员\",\"sn\":\"002\",\"permissions\":[{\"id\":2,\"name\":null,\"resource\":null},{\"id\":1,\"name\":null,\"resource\":null}]}]'),(194,1,'2019-08-17 17:34:04','0:0:0:0:0:0:0:1','top.lishaojun.crm.service.impl.RoleServiceImpl@5ff77017:PageResult top.lishaojun.crm.service.IRoleService.queryForPage(QueryObject)','[{\"page\":1,\"rows\":10,\"keyword\":null,\"start\":0}]'),(195,1,'2019-08-17 17:34:06','0:0:0:0:0:0:0:1','top.lishaojun.crm.service.impl.DepartmentServiceImpl@8a3ab5b:List top.lishaojun.crm.service.IDepartmentService.queryForEmp()','[]'),(196,1,'2019-08-17 17:34:06','0:0:0:0:0:0:0:1','top.lishaojun.crm.service.impl.RoleServiceImpl@5ff77017:List top.lishaojun.crm.service.IRoleService.selectAll()','[]'),(197,1,'2019-08-17 17:34:06','0:0:0:0:0:0:0:1','top.lishaojun.crm.service.impl.EmployeeServiceImpl@54859d12:PageResult top.lishaojun.crm.service.IEmployeeService.queryForPage(EmployeeQueryObject)','[{\"page\":1,\"rows\":10,\"keyword\":null,\"start\":0}]'),(198,1,'2019-08-17 17:34:18','0:0:0:0:0:0:0:1','top.lishaojun.crm.service.impl.EmployeeServiceImpl@54859d12:PageResult top.lishaojun.crm.service.IEmployeeService.queryForPage(EmployeeQueryObject)','[{\"page\":1,\"rows\":20,\"keyword\":null,\"start\":0}]'),(199,1,'2019-08-17 17:35:18','0:0:0:0:0:0:0:1','top.lishaojun.crm.service.impl.EmployeeServiceImpl@54859d12:int top.lishaojun.crm.service.IEmployeeService.insert(Employee)','[{\"id\":38,\"username\":\"新增测试2\",\"realname\":\"测试2号\",\"password\":\"123\",\"tel\":\"1823838839\",\"email\":\"xxx\",\"dept\":{\"id\":2,\"sn\":null,\"name\":null,\"manager\":null,\"parent\":null,\"state\":null},\"inputtime\":\"2019-08-17\",\"state\":true,\"admin\":false,\"roles\":[{\"id\":6,\"name\":null,\"sn\":null,\"permissions\":[]},{\"id\":7,\"name\":null,\"sn\":null,\"permissions\":[]}]}]'),(200,1,'2019-08-17 17:35:19','0:0:0:0:0:0:0:1','top.lishaojun.crm.service.impl.EmployeeServiceImpl@54859d12:PageResult top.lishaojun.crm.service.IEmployeeService.queryForPage(EmployeeQueryObject)','[{\"page\":1,\"rows\":20,\"keyword\":null,\"start\":0}]'),(201,NULL,'2019-08-17 18:05:30','0:0:0:0:0:0:0:1','top.lishaojun.crm.service.impl.EmployeeServiceImpl@144633fa:Employee top.lishaojun.crm.service.IEmployeeService.getEmployeeForLogin(String,String)','[\"admin\",\"123\"]'),(202,1,'2019-08-17 18:05:31','0:0:0:0:0:0:0:1','top.lishaojun.crm.service.impl.DepartmentServiceImpl@7bf6e0a0:List top.lishaojun.crm.service.IDepartmentService.queryForEmp()','[]'),(203,1,'2019-08-17 18:05:31','0:0:0:0:0:0:0:1','top.lishaojun.crm.service.impl.RoleServiceImpl@745c2e43:List top.lishaojun.crm.service.IRoleService.selectAll()','[]'),(204,1,'2019-08-17 18:05:31','0:0:0:0:0:0:0:1','top.lishaojun.crm.service.impl.EmployeeServiceImpl@144633fa:PageResult top.lishaojun.crm.service.IEmployeeService.queryForPage(EmployeeQueryObject)','[{\"page\":1,\"rows\":10,\"keyword\":null,\"start\":0}]'),(205,1,'2019-08-17 18:05:33','0:0:0:0:0:0:0:1','top.lishaojun.crm.service.impl.EmployeeServiceImpl@144633fa:List top.lishaojun.crm.service.IEmployeeService.queryByEid(Long)','[null]'),(206,1,'2019-08-17 18:05:40','0:0:0:0:0:0:0:1','top.lishaojun.crm.service.impl.EmployeeServiceImpl@144633fa:int top.lishaojun.crm.service.IEmployeeService.updateByPrimaryKey(Employee)','[{\"id\":1,\"username\":\"admin\",\"realname\":\"bravo1988\",\"password\":null,\"tel\":\"18257555358\",\"email\":\"523839773@qq.com\",\"dept\":{\"id\":1,\"sn\":null,\"name\":null,\"manager\":null,\"parent\":null,\"state\":null},\"inputtime\":\"2019-08-15\",\"state\":null,\"admin\":null,\"roles\":[{\"id\":6,\"name\":null,\"sn\":null,\"permissions\":[]},{\"id\":7,\"name\":null,\"sn\":null,\"permissions\":[]}]}]'),(207,1,'2019-08-17 18:05:42','0:0:0:0:0:0:0:1','top.lishaojun.crm.service.impl.EmployeeServiceImpl@144633fa:PageResult top.lishaojun.crm.service.IEmployeeService.queryForPage(EmployeeQueryObject)','[{\"page\":1,\"rows\":10,\"keyword\":null,\"start\":0}]'),(208,1,'2019-08-17 18:05:44','0:0:0:0:0:0:0:1','top.lishaojun.crm.service.impl.EmployeeServiceImpl@144633fa:List top.lishaojun.crm.service.IEmployeeService.queryByEid(Long)','[null]'),(209,1,'2019-08-17 18:06:06','0:0:0:0:0:0:0:1','top.lishaojun.crm.service.impl.EmployeeServiceImpl@144633fa:List top.lishaojun.crm.service.IEmployeeService.queryByEid(Long)','[null]'),(210,1,'2019-08-17 18:06:51','0:0:0:0:0:0:0:1','top.lishaojun.crm.service.impl.EmployeeServiceImpl@144633fa:int top.lishaojun.crm.service.IEmployeeService.updateByPrimaryKey(Employee)','[{\"id\":1,\"username\":\"admin\",\"realname\":\"bravo1988\",\"password\":null,\"tel\":\"18257555358\",\"email\":\"523839773@qq.com\",\"dept\":{\"id\":1,\"sn\":null,\"name\":null,\"manager\":null,\"parent\":null,\"state\":null},\"inputtime\":\"2019-08-15\",\"state\":null,\"admin\":null,\"roles\":[{\"id\":6,\"name\":null,\"sn\":null,\"permissions\":[]},{\"id\":7,\"name\":null,\"sn\":null,\"permissions\":[]}]}]'),(211,1,'2019-08-17 18:06:53','0:0:0:0:0:0:0:1','top.lishaojun.crm.service.impl.EmployeeServiceImpl@144633fa:PageResult top.lishaojun.crm.service.IEmployeeService.queryForPage(EmployeeQueryObject)','[{\"page\":1,\"rows\":10,\"keyword\":null,\"start\":0}]'),(212,1,'2019-08-17 18:07:31','0:0:0:0:0:0:0:1','top.lishaojun.crm.service.impl.EmployeeServiceImpl@144633fa:List top.lishaojun.crm.service.IEmployeeService.queryByEid(Long)','[null]'),(213,NULL,'2019-08-17 18:08:47','0:0:0:0:0:0:0:1','top.lishaojun.crm.service.impl.EmployeeServiceImpl@44ff8b6c:Employee top.lishaojun.crm.service.IEmployeeService.getEmployeeForLogin(String,String)','[\"admin\",\"123\"]'),(214,1,'2019-08-17 18:08:48','0:0:0:0:0:0:0:1','top.lishaojun.crm.service.impl.DepartmentServiceImpl@330676c:List top.lishaojun.crm.service.IDepartmentService.queryForEmp()','[]'),(215,1,'2019-08-17 18:08:48','0:0:0:0:0:0:0:1','top.lishaojun.crm.service.impl.RoleServiceImpl@7d537654:List top.lishaojun.crm.service.IRoleService.selectAll()','[]'),(216,1,'2019-08-17 18:08:48','0:0:0:0:0:0:0:1','top.lishaojun.crm.service.impl.EmployeeServiceImpl@44ff8b6c:PageResult top.lishaojun.crm.service.IEmployeeService.queryForPage(EmployeeQueryObject)','[{\"page\":1,\"rows\":10,\"keyword\":null,\"start\":0}]'),(217,1,'2019-08-17 18:08:50','0:0:0:0:0:0:0:1','top.lishaojun.crm.service.impl.EmployeeServiceImpl@44ff8b6c:List top.lishaojun.crm.service.IEmployeeService.queryByEid(Long)','[null]'),(218,1,'2019-08-17 18:09:35','0:0:0:0:0:0:0:1','top.lishaojun.crm.service.impl.EmployeeServiceImpl@44ff8b6c:List top.lishaojun.crm.service.IEmployeeService.queryByEid(Long)','[null]'),(219,1,'2019-08-17 18:10:10','0:0:0:0:0:0:0:1','top.lishaojun.crm.service.impl.EmployeeServiceImpl@44ff8b6c:List top.lishaojun.crm.service.IEmployeeService.queryByEid(Long)','[null]'),(220,NULL,'2019-08-17 18:11:31','0:0:0:0:0:0:0:1','top.lishaojun.crm.service.impl.EmployeeServiceImpl@6e182adc:Employee top.lishaojun.crm.service.IEmployeeService.getEmployeeForLogin(String,String)','[\"admin\",\"123\"]'),(221,1,'2019-08-17 18:11:33','0:0:0:0:0:0:0:1','top.lishaojun.crm.service.impl.DepartmentServiceImpl@1e984597:List top.lishaojun.crm.service.IDepartmentService.queryForEmp()','[]'),(222,1,'2019-08-17 18:11:33','0:0:0:0:0:0:0:1','top.lishaojun.crm.service.impl.RoleServiceImpl@3dfe3c14:List top.lishaojun.crm.service.IRoleService.selectAll()','[]'),(223,1,'2019-08-17 18:11:33','0:0:0:0:0:0:0:1','top.lishaojun.crm.service.impl.EmployeeServiceImpl@6e182adc:PageResult top.lishaojun.crm.service.IEmployeeService.queryForPage(EmployeeQueryObject)','[{\"page\":1,\"rows\":10,\"keyword\":null,\"start\":0}]'),(224,1,'2019-08-17 18:11:35','0:0:0:0:0:0:0:1','top.lishaojun.crm.service.impl.EmployeeServiceImpl@6e182adc:List top.lishaojun.crm.service.IEmployeeService.queryByEid(Long)','[1]'),(225,1,'2019-08-17 18:11:45','0:0:0:0:0:0:0:1','top.lishaojun.crm.service.impl.EmployeeServiceImpl@6e182adc:List top.lishaojun.crm.service.IEmployeeService.queryByEid(Long)','[1]'),(226,NULL,'2019-08-17 18:13:44','0:0:0:0:0:0:0:1','top.lishaojun.crm.service.impl.EmployeeServiceImpl@45195bab:Employee top.lishaojun.crm.service.IEmployeeService.getEmployeeForLogin(String,String)','[\"admin\",\"123\"]'),(227,1,'2019-08-17 18:13:45','0:0:0:0:0:0:0:1','top.lishaojun.crm.service.impl.DepartmentServiceImpl@a050010:List top.lishaojun.crm.service.IDepartmentService.queryForEmp()','[]'),(228,1,'2019-08-17 18:13:45','0:0:0:0:0:0:0:1','top.lishaojun.crm.service.impl.RoleServiceImpl@6553b62:List top.lishaojun.crm.service.IRoleService.selectAll()','[]'),(229,1,'2019-08-17 18:13:45','0:0:0:0:0:0:0:1','top.lishaojun.crm.service.impl.EmployeeServiceImpl@45195bab:PageResult top.lishaojun.crm.service.IEmployeeService.queryForPage(EmployeeQueryObject)','[{\"page\":1,\"rows\":10,\"keyword\":null,\"start\":0}]'),(230,1,'2019-08-17 18:13:47','0:0:0:0:0:0:0:1','top.lishaojun.crm.service.impl.EmployeeServiceImpl@45195bab:List top.lishaojun.crm.service.IEmployeeService.queryByEid(Long)','[1]'),(231,1,'2019-08-17 18:18:30','0:0:0:0:0:0:0:1','top.lishaojun.crm.service.impl.EmployeeServiceImpl@45195bab:int top.lishaojun.crm.service.IEmployeeService.insert(Employee)','[{\"id\":39,\"username\":\"测试账号\",\"realname\":\"测试1号\",\"password\":\"123\",\"tel\":\"21\",\"email\":\"7777\",\"dept\":{\"id\":2,\"sn\":null,\"name\":null,\"manager\":null,\"parent\":null,\"state\":null},\"inputtime\":\"2019-08-15\",\"state\":true,\"admin\":false,\"roles\":[{\"id\":6,\"name\":null,\"sn\":null,\"permissions\":[]}]}]'),(232,1,'2019-08-17 18:18:32','0:0:0:0:0:0:0:1','top.lishaojun.crm.service.impl.EmployeeServiceImpl@45195bab:PageResult top.lishaojun.crm.service.IEmployeeService.queryForPage(EmployeeQueryObject)','[{\"page\":1,\"rows\":10,\"keyword\":null,\"start\":0}]'),(233,1,'2019-08-17 18:18:36','0:0:0:0:0:0:0:1','top.lishaojun.crm.service.impl.EmployeeServiceImpl@45195bab:PageResult top.lishaojun.crm.service.IEmployeeService.queryForPage(EmployeeQueryObject)','[{\"page\":1,\"rows\":20,\"keyword\":null,\"start\":0}]'),(234,1,'2019-08-17 18:18:42','0:0:0:0:0:0:0:1','top.lishaojun.crm.service.impl.EmployeeServiceImpl@45195bab:List top.lishaojun.crm.service.IEmployeeService.queryByEid(Long)','[39]'),(235,1,'2019-08-17 18:18:48','0:0:0:0:0:0:0:1','top.lishaojun.crm.service.impl.EmployeeServiceImpl@45195bab:int top.lishaojun.crm.service.IEmployeeService.updateByPrimaryKey(Employee)','[{\"id\":39,\"username\":\"测试账号\",\"realname\":\"测试1号\",\"password\":null,\"tel\":\"21\",\"email\":\"7777\",\"dept\":{\"id\":2,\"sn\":null,\"name\":null,\"manager\":null,\"parent\":null,\"state\":null},\"inputtime\":\"2019-08-15\",\"state\":null,\"admin\":null,\"roles\":[{\"id\":6,\"name\":null,\"sn\":null,\"permissions\":[]},{\"id\":7,\"name\":null,\"sn\":null,\"permissions\":[]}]}]'),(236,1,'2019-08-17 18:18:49','0:0:0:0:0:0:0:1','top.lishaojun.crm.service.impl.EmployeeServiceImpl@45195bab:PageResult top.lishaojun.crm.service.IEmployeeService.queryForPage(EmployeeQueryObject)','[{\"page\":1,\"rows\":20,\"keyword\":null,\"start\":0}]'),(237,1,'2019-08-17 18:18:51','0:0:0:0:0:0:0:1','top.lishaojun.crm.service.impl.EmployeeServiceImpl@45195bab:List top.lishaojun.crm.service.IEmployeeService.queryByEid(Long)','[39]'),(238,1,'2019-08-17 18:19:00','0:0:0:0:0:0:0:1','top.lishaojun.crm.service.impl.EmployeeServiceImpl@45195bab:int top.lishaojun.crm.service.IEmployeeService.updateState(Long)','[39]'),(239,1,'2019-08-17 18:19:01','0:0:0:0:0:0:0:1','top.lishaojun.crm.service.impl.EmployeeServiceImpl@45195bab:PageResult top.lishaojun.crm.service.IEmployeeService.queryForPage(EmployeeQueryObject)','[{\"page\":1,\"rows\":20,\"keyword\":null,\"start\":0}]'),(240,1,'2019-08-17 18:19:05','0:0:0:0:0:0:0:1','top.lishaojun.crm.service.impl.EmployeeServiceImpl@45195bab:PageResult top.lishaojun.crm.service.IEmployeeService.queryForPage(EmployeeQueryObject)','[{\"page\":1,\"rows\":20,\"keyword\":null,\"start\":0}]'),(241,1,'2019-08-17 18:19:12','0:0:0:0:0:0:0:1','top.lishaojun.crm.service.impl.EmployeeServiceImpl@45195bab:PageResult top.lishaojun.crm.service.IEmployeeService.queryForPage(EmployeeQueryObject)','[{\"page\":1,\"rows\":20,\"keyword\":\"啊啊啊\",\"start\":0}]'),(242,1,'2019-08-17 18:19:14','0:0:0:0:0:0:0:1','top.lishaojun.crm.service.impl.RoleServiceImpl@6553b62:PageResult top.lishaojun.crm.service.IRoleService.queryForPage(QueryObject)','[{\"page\":1,\"rows\":10,\"keyword\":null,\"start\":0}]'),(243,1,'2019-08-17 18:19:14','0:0:0:0:0:0:0:1','top.lishaojun.crm.service.impl.PermissionServiceImpl@18cac125:PageResult top.lishaojun.crm.service.IPermissionService.queryForPage(QueryObject)','[{\"page\":1,\"rows\":10,\"rid\":null,\"start\":0}]'),(244,1,'2019-08-17 18:19:18','0:0:0:0:0:0:0:1','top.lishaojun.crm.service.impl.RoleServiceImpl@6553b62:PageResult top.lishaojun.crm.service.IRoleService.queryForPage(QueryObject)','[{\"page\":1,\"rows\":10,\"keyword\":\"001\",\"start\":0}]'),(245,NULL,'2019-08-17 20:56:44','0:0:0:0:0:0:0:1','top.lishaojun.crm.service.impl.EmployeeServiceImpl@20b0d49e:Employee top.lishaojun.crm.service.IEmployeeService.getEmployeeForLogin(String,String)','[\"admin\",\"123\"]'),(246,1,'2019-08-17 20:56:44','0:0:0:0:0:0:0:1','top.lishaojun.crm.service.impl.PermissionServiceImpl@70ed725a:List top.lishaojun.crm.service.IPermissionService.queryResourceByEid(Long)','[1]'),(247,1,'2019-08-17 20:56:46','0:0:0:0:0:0:0:1','top.lishaojun.crm.service.impl.RoleServiceImpl@47192f0b:PageResult top.lishaojun.crm.service.IRoleService.queryForPage(QueryObject)','[{\"page\":1,\"rows\":10,\"keyword\":null,\"start\":0}]'),(248,1,'2019-08-17 20:56:46','0:0:0:0:0:0:0:1','top.lishaojun.crm.service.impl.PermissionServiceImpl@70ed725a:PageResult top.lishaojun.crm.service.IPermissionService.queryForPage(QueryObject)','[{\"page\":1,\"rows\":10,\"rid\":null,\"start\":0}]'),(249,1,'2019-08-17 20:56:47','0:0:0:0:0:0:0:1','top.lishaojun.crm.service.impl.DepartmentServiceImpl@34a681af:List top.lishaojun.crm.service.IDepartmentService.queryForEmp()','[]'),(250,1,'2019-08-17 20:56:47','0:0:0:0:0:0:0:1','top.lishaojun.crm.service.impl.RoleServiceImpl@47192f0b:List top.lishaojun.crm.service.IRoleService.selectAll()','[]'),(251,1,'2019-08-17 20:56:47','0:0:0:0:0:0:0:1','top.lishaojun.crm.service.impl.EmployeeServiceImpl@20b0d49e:PageResult top.lishaojun.crm.service.IEmployeeService.queryForPage(EmployeeQueryObject)','[{\"page\":1,\"rows\":10,\"keyword\":null,\"start\":0}]'),(252,1,'2019-08-17 20:57:01','0:0:0:0:0:0:0:1','top.lishaojun.crm.service.impl.EmployeeServiceImpl@20b0d49e:List top.lishaojun.crm.service.IEmployeeService.queryRoleByEid(Long)','[2]'),(253,1,'2019-08-17 20:57:09','0:0:0:0:0:0:0:1','top.lishaojun.crm.service.impl.EmployeeServiceImpl@20b0d49e:int top.lishaojun.crm.service.IEmployeeService.updateByPrimaryKey(Employee)','[{\"id\":2,\"username\":\"test\",\"realname\":\"啊啊啊\",\"password\":null,\"tel\":\"18257555345\",\"email\":\"527384765@qq.com\",\"dept\":{\"id\":2,\"sn\":null,\"name\":null,\"manager\":null,\"parent\":null,\"state\":null},\"inputtime\":\"2019-08-13\",\"state\":null,\"admin\":null,\"roles\":[{\"id\":7,\"name\":null,\"sn\":null,\"permissions\":[]}]}]'),(254,1,'2019-08-17 20:57:11','0:0:0:0:0:0:0:1','top.lishaojun.crm.service.impl.EmployeeServiceImpl@20b0d49e:PageResult top.lishaojun.crm.service.IEmployeeService.queryForPage(EmployeeQueryObject)','[{\"page\":1,\"rows\":10,\"keyword\":null,\"start\":0}]'),(255,1,'2019-08-17 20:57:16','0:0:0:0:0:0:0:1','top.lishaojun.crm.service.impl.PermissionServiceImpl@70ed725a:PageResult top.lishaojun.crm.service.IPermissionService.queryForPage(QueryObject)','[{\"page\":1,\"rows\":10,\"rid\":7,\"start\":0}]'),(256,1,'2019-08-17 20:57:43','0:0:0:0:0:0:0:1','top.lishaojun.crm.service.impl.EmployeeServiceImpl@20b0d49e:Employee top.lishaojun.crm.service.IEmployeeService.getEmployeeForLogin(String,String)','[\"test\",\"123\"]'),(257,2,'2019-08-17 20:57:43','0:0:0:0:0:0:0:1','top.lishaojun.crm.service.impl.PermissionServiceImpl@70ed725a:List top.lishaojun.crm.service.IPermissionService.queryResourceByEid(Long)','[2]'),(258,2,'2019-08-17 20:57:43','0:0:0:0:0:0:0:1','top.lishaojun.crm.service.impl.PermissionServiceImpl@70ed725a:List top.lishaojun.crm.service.IPermissionService.selectAll()','[]'),(259,2,'2019-08-17 20:57:47','0:0:0:0:0:0:0:1','top.lishaojun.crm.service.impl.DepartmentServiceImpl@34a681af:List top.lishaojun.crm.service.IDepartmentService.queryForEmp()','[]'),(260,2,'2019-08-17 20:57:47','0:0:0:0:0:0:0:1','top.lishaojun.crm.service.impl.RoleServiceImpl@47192f0b:List top.lishaojun.crm.service.IRoleService.selectAll()','[]'),(261,2,'2019-08-17 20:57:48','0:0:0:0:0:0:0:1','top.lishaojun.crm.service.impl.EmployeeServiceImpl@20b0d49e:PageResult top.lishaojun.crm.service.IEmployeeService.queryForPage(EmployeeQueryObject)','[{\"page\":1,\"rows\":10,\"keyword\":null,\"start\":0}]'),(262,2,'2019-08-17 20:57:59','0:0:0:0:0:0:0:1','top.lishaojun.crm.service.impl.EmployeeServiceImpl@20b0d49e:int top.lishaojun.crm.service.IEmployeeService.updateState(Long)','[24]'),(263,2,'2019-08-17 20:58:00','0:0:0:0:0:0:0:1','top.lishaojun.crm.service.impl.EmployeeServiceImpl@20b0d49e:PageResult top.lishaojun.crm.service.IEmployeeService.queryForPage(EmployeeQueryObject)','[{\"page\":1,\"rows\":10,\"keyword\":null,\"start\":0}]'),(264,2,'2019-08-17 20:58:19','0:0:0:0:0:0:0:1','top.lishaojun.crm.service.impl.EmployeeServiceImpl@20b0d49e:PageResult top.lishaojun.crm.service.IEmployeeService.queryForPage(EmployeeQueryObject)','[{\"page\":1,\"rows\":10,\"keyword\":null,\"start\":0}]'),(265,2,'2019-08-17 20:58:20','0:0:0:0:0:0:0:1','top.lishaojun.crm.service.impl.EmployeeServiceImpl@20b0d49e:PageResult top.lishaojun.crm.service.IEmployeeService.queryForPage(EmployeeQueryObject)','[{\"page\":1,\"rows\":10,\"keyword\":null,\"start\":0}]'),(266,2,'2019-08-17 20:58:20','0:0:0:0:0:0:0:1','top.lishaojun.crm.service.impl.EmployeeServiceImpl@20b0d49e:PageResult top.lishaojun.crm.service.IEmployeeService.queryForPage(EmployeeQueryObject)','[{\"page\":1,\"rows\":10,\"keyword\":null,\"start\":0}]'),(267,2,'2019-08-17 20:58:21','0:0:0:0:0:0:0:1','top.lishaojun.crm.service.impl.EmployeeServiceImpl@20b0d49e:PageResult top.lishaojun.crm.service.IEmployeeService.queryForPage(EmployeeQueryObject)','[{\"page\":1,\"rows\":10,\"keyword\":null,\"start\":0}]'),(268,2,'2019-08-17 20:58:21','0:0:0:0:0:0:0:1','top.lishaojun.crm.service.impl.EmployeeServiceImpl@20b0d49e:PageResult top.lishaojun.crm.service.IEmployeeService.queryForPage(EmployeeQueryObject)','[{\"page\":1,\"rows\":10,\"keyword\":null,\"start\":0}]'),(269,2,'2019-08-17 20:58:21','0:0:0:0:0:0:0:1','top.lishaojun.crm.service.impl.EmployeeServiceImpl@20b0d49e:PageResult top.lishaojun.crm.service.IEmployeeService.queryForPage(EmployeeQueryObject)','[{\"page\":1,\"rows\":10,\"keyword\":null,\"start\":0}]'),(270,2,'2019-08-17 20:58:22','0:0:0:0:0:0:0:1','top.lishaojun.crm.service.impl.EmployeeServiceImpl@20b0d49e:PageResult top.lishaojun.crm.service.IEmployeeService.queryForPage(EmployeeQueryObject)','[{\"page\":1,\"rows\":10,\"keyword\":null,\"start\":0}]'),(271,2,'2019-08-17 20:58:22','0:0:0:0:0:0:0:1','top.lishaojun.crm.service.impl.EmployeeServiceImpl@20b0d49e:PageResult top.lishaojun.crm.service.IEmployeeService.queryForPage(EmployeeQueryObject)','[{\"page\":1,\"rows\":10,\"keyword\":null,\"start\":0}]'),(272,2,'2019-08-17 20:58:22','0:0:0:0:0:0:0:1','top.lishaojun.crm.service.impl.EmployeeServiceImpl@20b0d49e:PageResult top.lishaojun.crm.service.IEmployeeService.queryForPage(EmployeeQueryObject)','[{\"page\":1,\"rows\":10,\"keyword\":null,\"start\":0}]'),(273,2,'2019-08-17 20:58:23','0:0:0:0:0:0:0:1','top.lishaojun.crm.service.impl.EmployeeServiceImpl@20b0d49e:PageResult top.lishaojun.crm.service.IEmployeeService.queryForPage(EmployeeQueryObject)','[{\"page\":1,\"rows\":10,\"keyword\":null,\"start\":0}]'),(274,2,'2019-08-17 20:59:11','0:0:0:0:0:0:0:1','top.lishaojun.crm.service.impl.DepartmentServiceImpl@34a681af:List top.lishaojun.crm.service.IDepartmentService.queryForEmp()','[]'),(275,2,'2019-08-17 20:59:11','0:0:0:0:0:0:0:1','top.lishaojun.crm.service.impl.EmployeeServiceImpl@20b0d49e:PageResult top.lishaojun.crm.service.IEmployeeService.queryForPage(EmployeeQueryObject)','[{\"page\":1,\"rows\":10,\"keyword\":null,\"start\":0}]'),(276,2,'2019-08-17 20:59:11','0:0:0:0:0:0:0:1','top.lishaojun.crm.service.impl.RoleServiceImpl@47192f0b:List top.lishaojun.crm.service.IRoleService.selectAll()','[]'),(277,NULL,'2019-08-17 21:10:51','0:0:0:0:0:0:0:1','top.lishaojun.crm.service.impl.EmployeeServiceImpl@11c292d5:Employee top.lishaojun.crm.service.IEmployeeService.getEmployeeForLogin(String,String)','[\"test\",\"123\"]'),(278,2,'2019-08-17 21:10:51','0:0:0:0:0:0:0:1','top.lishaojun.crm.service.impl.PermissionServiceImpl@19e222bf:List top.lishaojun.crm.service.IPermissionService.queryResourceByEid(Long)','[2]'),(279,2,'2019-08-17 21:10:55','0:0:0:0:0:0:0:1','top.lishaojun.crm.service.impl.PermissionServiceImpl@19e222bf:List top.lishaojun.crm.service.IPermissionService.selectAll()','[]'),(280,2,'2019-08-17 21:11:01','0:0:0:0:0:0:0:1','top.lishaojun.crm.service.impl.DepartmentServiceImpl@5a858201:List top.lishaojun.crm.service.IDepartmentService.queryForEmp()','[]'),(281,2,'2019-08-17 21:11:01','0:0:0:0:0:0:0:1','top.lishaojun.crm.service.impl.RoleServiceImpl@6e33ee4:List top.lishaojun.crm.service.IRoleService.selectAll()','[]'),(282,2,'2019-08-17 21:11:01','0:0:0:0:0:0:0:1','top.lishaojun.crm.service.impl.EmployeeServiceImpl@11c292d5:PageResult top.lishaojun.crm.service.IEmployeeService.queryForPage(EmployeeQueryObject)','[{\"page\":1,\"rows\":10,\"keyword\":null,\"start\":0}]'),(283,2,'2019-08-17 21:11:43','0:0:0:0:0:0:0:1','top.lishaojun.crm.service.impl.EmployeeServiceImpl@11c292d5:int top.lishaojun.crm.service.IEmployeeService.updateState(Long)','[25]'),(284,2,'2019-08-17 21:12:06','0:0:0:0:0:0:0:1','top.lishaojun.crm.service.impl.EmployeeServiceImpl@11c292d5:PageResult top.lishaojun.crm.service.IEmployeeService.queryForPage(EmployeeQueryObject)','[{\"page\":1,\"rows\":10,\"keyword\":null,\"start\":0}]'),(285,2,'2019-08-17 21:14:06','0:0:0:0:0:0:0:1','top.lishaojun.crm.service.impl.EmployeeServiceImpl@11c292d5:Employee top.lishaojun.crm.service.IEmployeeService.getEmployeeForLogin(String,String)','[\"test\",\"123\"]'),(286,2,'2019-08-17 21:14:17','0:0:0:0:0:0:0:1','top.lishaojun.crm.service.impl.PermissionServiceImpl@19e222bf:List top.lishaojun.crm.service.IPermissionService.queryResourceByEid(Long)','[2]'),(287,NULL,'2019-08-17 21:16:31','0:0:0:0:0:0:0:1','top.lishaojun.crm.service.impl.EmployeeServiceImpl@1e6de42b:Employee top.lishaojun.crm.service.IEmployeeService.getEmployeeForLogin(String,String)','[\"test\",\"123\"]'),(288,2,'2019-08-17 21:16:33','0:0:0:0:0:0:0:1','top.lishaojun.crm.service.impl.PermissionServiceImpl@368eb65:List top.lishaojun.crm.service.IPermissionService.queryResourceByEid(Long)','[2]'),(289,2,'2019-08-17 21:16:40','0:0:0:0:0:0:0:1','top.lishaojun.crm.service.impl.PermissionServiceImpl@368eb65:List top.lishaojun.crm.service.IPermissionService.selectAll()','[]'),(290,2,'2019-08-17 21:16:42','0:0:0:0:0:0:0:1','top.lishaojun.crm.service.impl.DepartmentServiceImpl@18371b5:List top.lishaojun.crm.service.IDepartmentService.queryForEmp()','[]'),(291,2,'2019-08-17 21:16:42','0:0:0:0:0:0:0:1','top.lishaojun.crm.service.impl.RoleServiceImpl@f5ff7c0:List top.lishaojun.crm.service.IRoleService.selectAll()','[]'),(292,2,'2019-08-17 21:16:42','0:0:0:0:0:0:0:1','top.lishaojun.crm.service.impl.EmployeeServiceImpl@1e6de42b:PageResult top.lishaojun.crm.service.IEmployeeService.queryForPage(EmployeeQueryObject)','[{\"page\":1,\"rows\":10,\"keyword\":null,\"start\":0}]'),(293,2,'2019-08-17 21:16:48','0:0:0:0:0:0:0:1','top.lishaojun.crm.service.impl.EmployeeServiceImpl@1e6de42b:int top.lishaojun.crm.service.IEmployeeService.updateState(Long)','[26]'),(294,2,'2019-08-17 21:16:49','0:0:0:0:0:0:0:1','top.lishaojun.crm.service.impl.EmployeeServiceImpl@1e6de42b:PageResult top.lishaojun.crm.service.IEmployeeService.queryForPage(EmployeeQueryObject)','[{\"page\":1,\"rows\":10,\"keyword\":null,\"start\":0}]'),(295,2,'2019-08-17 21:18:14','0:0:0:0:0:0:0:1','top.lishaojun.crm.service.impl.DepartmentServiceImpl@18371b5:List top.lishaojun.crm.service.IDepartmentService.queryForEmp()','[]'),(296,2,'2019-08-17 21:18:14','0:0:0:0:0:0:0:1','top.lishaojun.crm.service.impl.RoleServiceImpl@f5ff7c0:List top.lishaojun.crm.service.IRoleService.selectAll()','[]'),(297,2,'2019-08-17 21:18:14','0:0:0:0:0:0:0:1','top.lishaojun.crm.service.impl.EmployeeServiceImpl@1e6de42b:PageResult top.lishaojun.crm.service.IEmployeeService.queryForPage(EmployeeQueryObject)','[{\"page\":1,\"rows\":10,\"keyword\":null,\"start\":0}]'),(298,NULL,'2019-08-17 21:20:08','0:0:0:0:0:0:0:1','top.lishaojun.crm.service.impl.EmployeeServiceImpl@1b32ae97:Employee top.lishaojun.crm.service.IEmployeeService.getEmployeeForLogin(String,String)','[\"test\",\"123\"]'),(299,2,'2019-08-17 21:20:08','0:0:0:0:0:0:0:1','top.lishaojun.crm.service.impl.PermissionServiceImpl@51ccc479:List top.lishaojun.crm.service.IPermissionService.queryResourceByEid(Long)','[2]'),(300,2,'2019-08-17 21:20:08','0:0:0:0:0:0:0:1','top.lishaojun.crm.service.impl.EmployeeServiceImpl@1b32ae97:Employee top.lishaojun.crm.service.IEmployeeService.getEmployeeForLogin(String,String)','[\"test\",\"123\"]'),(301,2,'2019-08-17 21:20:10','0:0:0:0:0:0:0:1','top.lishaojun.crm.service.impl.PermissionServiceImpl@51ccc479:List top.lishaojun.crm.service.IPermissionService.selectAll()','[]'),(302,2,'2019-08-17 21:20:10','0:0:0:0:0:0:0:1','top.lishaojun.crm.service.impl.PermissionServiceImpl@51ccc479:List top.lishaojun.crm.service.IPermissionService.queryResourceByEid(Long)','[2]'),(303,2,'2019-08-17 21:20:21','0:0:0:0:0:0:0:1','top.lishaojun.crm.service.impl.DepartmentServiceImpl@54f652fe:List top.lishaojun.crm.service.IDepartmentService.queryForEmp()','[]'),(304,2,'2019-08-17 21:20:21','0:0:0:0:0:0:0:1','top.lishaojun.crm.service.impl.RoleServiceImpl@534bbc84:List top.lishaojun.crm.service.IRoleService.selectAll()','[]'),(305,2,'2019-08-17 21:20:21','0:0:0:0:0:0:0:1','top.lishaojun.crm.service.impl.EmployeeServiceImpl@1b32ae97:PageResult top.lishaojun.crm.service.IEmployeeService.queryForPage(EmployeeQueryObject)','[{\"page\":1,\"rows\":10,\"keyword\":null,\"start\":0}]'),(306,NULL,'2019-08-17 21:22:09','0:0:0:0:0:0:0:1','top.lishaojun.crm.service.impl.EmployeeServiceImpl@14b8a718:Employee top.lishaojun.crm.service.IEmployeeService.getEmployeeForLogin(String,String)','[\"test\",\"123\"]'),(307,NULL,'2019-08-17 21:22:09','0:0:0:0:0:0:0:1','top.lishaojun.crm.service.impl.EmployeeServiceImpl@14b8a718:Employee top.lishaojun.crm.service.IEmployeeService.getEmployeeForLogin(String,String)','[\"test\",\"123\"]'),(308,2,'2019-08-17 21:22:23','0:0:0:0:0:0:0:1','top.lishaojun.crm.service.impl.PermissionServiceImpl@63712471:List top.lishaojun.crm.service.IPermissionService.queryResourceByEid(Long)','[2]'),(309,2,'2019-08-17 21:22:23','0:0:0:0:0:0:0:1','top.lishaojun.crm.service.impl.PermissionServiceImpl@63712471:List top.lishaojun.crm.service.IPermissionService.queryResourceByEid(Long)','[2]'),(310,2,'2019-08-17 21:24:09','0:0:0:0:0:0:0:1','top.lishaojun.crm.service.impl.PermissionServiceImpl@63712471:List top.lishaojun.crm.service.IPermissionService.selectAll()','[]'),(311,2,'2019-08-17 21:24:12','0:0:0:0:0:0:0:1','top.lishaojun.crm.service.impl.DepartmentServiceImpl@45840b31:List top.lishaojun.crm.service.IDepartmentService.queryForEmp()','[]'),(312,2,'2019-08-17 21:24:12','0:0:0:0:0:0:0:1','top.lishaojun.crm.service.impl.RoleServiceImpl@15333bdc:List top.lishaojun.crm.service.IRoleService.selectAll()','[]'),(313,2,'2019-08-17 21:24:12','0:0:0:0:0:0:0:1','top.lishaojun.crm.service.impl.EmployeeServiceImpl@14b8a718:PageResult top.lishaojun.crm.service.IEmployeeService.queryForPage(EmployeeQueryObject)','[{\"page\":1,\"rows\":10,\"keyword\":null,\"start\":0}]'),(314,2,'2019-08-17 21:24:17','0:0:0:0:0:0:0:1','top.lishaojun.crm.service.impl.EmployeeServiceImpl@14b8a718:int top.lishaojun.crm.service.IEmployeeService.updateState(Long)','[2]'),(315,2,'2019-08-17 21:24:18','0:0:0:0:0:0:0:1','top.lishaojun.crm.service.impl.EmployeeServiceImpl@14b8a718:PageResult top.lishaojun.crm.service.IEmployeeService.queryForPage(EmployeeQueryObject)','[{\"page\":1,\"rows\":10,\"keyword\":null,\"start\":0}]'),(316,2,'2019-08-17 21:26:53','0:0:0:0:0:0:0:1','top.lishaojun.crm.service.impl.EmployeeServiceImpl@14b8a718:int top.lishaojun.crm.service.IEmployeeService.updateState(Long)','[17]'),(317,2,'2019-08-17 21:27:25','0:0:0:0:0:0:0:1','top.lishaojun.crm.service.impl.EmployeeServiceImpl@14b8a718:PageResult top.lishaojun.crm.service.IEmployeeService.queryForPage(EmployeeQueryObject)','[{\"page\":1,\"rows\":10,\"keyword\":null,\"start\":0}]'),(318,2,'2019-08-17 21:28:00','0:0:0:0:0:0:0:1','top.lishaojun.crm.service.impl.EmployeeServiceImpl@14b8a718:int top.lishaojun.crm.service.IEmployeeService.updateState(Long)','[24]'),(319,NULL,'2019-08-17 21:30:31','0:0:0:0:0:0:0:1','top.lishaojun.crm.service.impl.EmployeeServiceImpl@7598c2ce:Employee top.lishaojun.crm.service.IEmployeeService.getEmployeeForLogin(String,String)','[\"test\",\"123\"]'),(320,2,'2019-08-17 21:30:34','0:0:0:0:0:0:0:1','top.lishaojun.crm.service.impl.PermissionServiceImpl@12627a07:List top.lishaojun.crm.service.IPermissionService.queryResourceByEid(Long)','[2]'),(321,2,'2019-08-17 21:30:39','0:0:0:0:0:0:0:1','top.lishaojun.crm.service.impl.PermissionServiceImpl@12627a07:List top.lishaojun.crm.service.IPermissionService.selectAll()','[]'),(322,2,'2019-08-17 21:30:40','0:0:0:0:0:0:0:1','top.lishaojun.crm.service.impl.DepartmentServiceImpl@17de2a99:List top.lishaojun.crm.service.IDepartmentService.queryForEmp()','[]'),(323,2,'2019-08-17 21:30:40','0:0:0:0:0:0:0:1','top.lishaojun.crm.service.impl.RoleServiceImpl@5a45ffca:List top.lishaojun.crm.service.IRoleService.selectAll()','[]'),(324,2,'2019-08-17 21:30:41','0:0:0:0:0:0:0:1','top.lishaojun.crm.service.impl.EmployeeServiceImpl@7598c2ce:PageResult top.lishaojun.crm.service.IEmployeeService.queryForPage(EmployeeQueryObject)','[{\"page\":1,\"rows\":10,\"keyword\":null,\"start\":0}]'),(325,2,'2019-08-17 21:30:50','0:0:0:0:0:0:0:1','top.lishaojun.crm.service.impl.EmployeeServiceImpl@7598c2ce:PageResult top.lishaojun.crm.service.IEmployeeService.queryForPage(EmployeeQueryObject)','[{\"page\":1,\"rows\":10,\"keyword\":null,\"start\":0}]'),(326,2,'2019-08-17 21:30:52','0:0:0:0:0:0:0:1','top.lishaojun.crm.service.impl.EmployeeServiceImpl@7598c2ce:PageResult top.lishaojun.crm.service.IEmployeeService.queryForPage(EmployeeQueryObject)','[{\"page\":1,\"rows\":10,\"keyword\":null,\"start\":0}]'),(327,NULL,'2019-08-19 10:47:59','0:0:0:0:0:0:0:1','top.lishaojun.crm.service.impl.EmployeeServiceImpl@4001e4d0:Employee top.lishaojun.crm.service.IEmployeeService.getEmployeeForLogin(String,String)','[\"test\",\"123\"]'),(328,2,'2019-08-19 10:47:59','0:0:0:0:0:0:0:1','top.lishaojun.crm.service.impl.PermissionServiceImpl@7b7c2204:List top.lishaojun.crm.service.IPermissionService.queryResourceByEid(Long)','[2]'),(329,2,'2019-08-19 10:47:59','0:0:0:0:0:0:0:1','top.lishaojun.crm.service.impl.PermissionServiceImpl@7b7c2204:List top.lishaojun.crm.service.IPermissionService.selectAll()','[]'),(330,2,'2019-08-19 10:48:01','0:0:0:0:0:0:0:1','top.lishaojun.crm.service.impl.DepartmentServiceImpl@6e3ba184:List top.lishaojun.crm.service.IDepartmentService.queryForEmp()','[]'),(331,2,'2019-08-19 10:48:01','0:0:0:0:0:0:0:1','top.lishaojun.crm.service.impl.RoleServiceImpl@44607648:List top.lishaojun.crm.service.IRoleService.selectAll()','[]'),(332,2,'2019-08-19 10:48:01','0:0:0:0:0:0:0:1','top.lishaojun.crm.service.impl.EmployeeServiceImpl@4001e4d0:PageResult top.lishaojun.crm.service.IEmployeeService.queryForPage(EmployeeQueryObject)','[{\"page\":1,\"rows\":10,\"keyword\":null,\"start\":0}]'),(333,2,'2019-08-19 10:48:06','0:0:0:0:0:0:0:1','top.lishaojun.crm.service.impl.RoleServiceImpl@44607648:PageResult top.lishaojun.crm.service.IRoleService.queryForPage(QueryObject)','[{\"page\":1,\"rows\":10,\"keyword\":null,\"start\":0}]'),(334,2,'2019-08-19 10:48:06','0:0:0:0:0:0:0:1','top.lishaojun.crm.service.impl.PermissionServiceImpl@7b7c2204:PageResult top.lishaojun.crm.service.IPermissionService.queryForPage(QueryObject)','[{\"page\":1,\"rows\":10,\"rid\":null,\"start\":0}]'),(335,2,'2019-08-19 10:48:48','0:0:0:0:0:0:0:1','top.lishaojun.crm.service.impl.EmployeeServiceImpl@4001e4d0:PageResult top.lishaojun.crm.service.IEmployeeService.queryForPage(EmployeeQueryObject)','[{\"page\":1,\"rows\":10,\"keyword\":null,\"start\":0}]'),(336,2,'2019-08-19 10:49:11','0:0:0:0:0:0:0:1','top.lishaojun.crm.service.impl.DepartmentServiceImpl@6e3ba184:List top.lishaojun.crm.service.IDepartmentService.queryForEmp()','[]'),(337,2,'2019-08-19 10:49:11','0:0:0:0:0:0:0:1','top.lishaojun.crm.service.impl.RoleServiceImpl@44607648:List top.lishaojun.crm.service.IRoleService.selectAll()','[]'),(338,2,'2019-08-19 10:49:11','0:0:0:0:0:0:0:1','top.lishaojun.crm.service.impl.EmployeeServiceImpl@4001e4d0:PageResult top.lishaojun.crm.service.IEmployeeService.queryForPage(EmployeeQueryObject)','[{\"page\":1,\"rows\":10,\"keyword\":null,\"start\":0}]'),(339,2,'2019-08-19 10:49:26','0:0:0:0:0:0:0:1','top.lishaojun.crm.service.impl.EmployeeServiceImpl@4001e4d0:List top.lishaojun.crm.service.IEmployeeService.queryRoleByEid(Long)','[2]'),(340,2,'2019-08-19 10:49:34','0:0:0:0:0:0:0:1','top.lishaojun.crm.service.impl.RoleServiceImpl@44607648:PageResult top.lishaojun.crm.service.IRoleService.queryForPage(QueryObject)','[{\"page\":1,\"rows\":10,\"keyword\":null,\"start\":0}]'),(341,2,'2019-08-19 10:49:34','0:0:0:0:0:0:0:1','top.lishaojun.crm.service.impl.PermissionServiceImpl@7b7c2204:PageResult top.lishaojun.crm.service.IPermissionService.queryForPage(QueryObject)','[{\"page\":1,\"rows\":10,\"rid\":null,\"start\":0}]'),(342,2,'2019-08-19 10:49:38','0:0:0:0:0:0:0:1','top.lishaojun.crm.service.impl.PermissionServiceImpl@7b7c2204:PageResult top.lishaojun.crm.service.IPermissionService.queryForPage(QueryObject)','[{\"page\":1,\"rows\":10,\"rid\":7,\"start\":0}]'),(343,NULL,'2019-08-19 10:52:35','0:0:0:0:0:0:0:1','top.lishaojun.crm.service.impl.EmployeeServiceImpl@4bdbb17b:Employee top.lishaojun.crm.service.IEmployeeService.getEmployeeForLogin(String,String)','[\"admin\",\"123\"]'),(344,1,'2019-08-19 10:52:35','0:0:0:0:0:0:0:1','top.lishaojun.crm.service.impl.PermissionServiceImpl@16be03e6:List top.lishaojun.crm.service.IPermissionService.queryResourceByEid(Long)','[1]'),(345,1,'2019-08-19 10:52:37','0:0:0:0:0:0:0:1','top.lishaojun.crm.service.impl.DepartmentServiceImpl@79128475:List top.lishaojun.crm.service.IDepartmentService.queryForEmp()','[]'),(346,1,'2019-08-19 10:52:37','0:0:0:0:0:0:0:1','top.lishaojun.crm.service.impl.RoleServiceImpl@7bbc10bf:List top.lishaojun.crm.service.IRoleService.selectAll()','[]'),(347,1,'2019-08-19 10:52:37','0:0:0:0:0:0:0:1','top.lishaojun.crm.service.impl.EmployeeServiceImpl@4bdbb17b:PageResult top.lishaojun.crm.service.IEmployeeService.queryForPage(EmployeeQueryObject)','[{\"page\":1,\"rows\":10,\"keyword\":null,\"start\":0}]'),(348,1,'2019-08-19 10:52:38','0:0:0:0:0:0:0:1','top.lishaojun.crm.service.impl.RoleServiceImpl@7bbc10bf:PageResult top.lishaojun.crm.service.IRoleService.queryForPage(QueryObject)','[{\"page\":1,\"rows\":10,\"keyword\":null,\"start\":0}]'),(349,1,'2019-08-19 10:52:38','0:0:0:0:0:0:0:1','top.lishaojun.crm.service.impl.PermissionServiceImpl@16be03e6:PageResult top.lishaojun.crm.service.IPermissionService.queryForPage(QueryObject)','[{\"page\":1,\"rows\":10,\"rid\":null,\"start\":0}]'),(350,1,'2019-08-19 10:52:53','0:0:0:0:0:0:0:1','top.lishaojun.crm.service.impl.RoleServiceImpl@7bbc10bf:int top.lishaojun.crm.service.IRoleService.insert(Role)','[{\"id\":8,\"name\":\"\",\"sn\":\"\",\"permissions\":[{\"id\":1,\"name\":null,\"resource\":null},{\"id\":2,\"name\":null,\"resource\":null},{\"id\":3,\"name\":null,\"resource\":null},{\"id\":4,\"name\":null,\"resource\":null}]}]'),(351,1,'2019-08-19 10:52:54','0:0:0:0:0:0:0:1','top.lishaojun.crm.service.impl.RoleServiceImpl@7bbc10bf:PageResult top.lishaojun.crm.service.IRoleService.queryForPage(QueryObject)','[{\"page\":1,\"rows\":10,\"keyword\":null,\"start\":0}]'),(352,1,'2019-08-19 10:52:56','0:0:0:0:0:0:0:1','top.lishaojun.crm.service.impl.PermissionServiceImpl@16be03e6:PageResult top.lishaojun.crm.service.IPermissionService.queryForPage(QueryObject)','[{\"page\":1,\"rows\":10,\"rid\":7,\"start\":0}]'),(353,1,'2019-08-19 10:53:03','0:0:0:0:0:0:0:1','top.lishaojun.crm.service.impl.PermissionServiceImpl@16be03e6:PageResult top.lishaojun.crm.service.IPermissionService.queryForPage(QueryObject)','[{\"page\":1,\"rows\":10,\"rid\":6,\"start\":0}]'),(354,1,'2019-08-19 10:53:06','0:0:0:0:0:0:0:1','top.lishaojun.crm.service.impl.RoleServiceImpl@7bbc10bf:int top.lishaojun.crm.service.IRoleService.updateByPrimaryKey(Role)','[{\"id\":6,\"name\":\"超级管理员\",\"sn\":\"001\",\"permissions\":[{\"id\":1,\"name\":null,\"resource\":null},{\"id\":2,\"name\":null,\"resource\":null},{\"id\":3,\"name\":null,\"resource\":null},{\"id\":4,\"name\":null,\"resource\":null}]}]'),(355,1,'2019-08-19 10:53:08','0:0:0:0:0:0:0:1','top.lishaojun.crm.service.impl.RoleServiceImpl@7bbc10bf:PageResult top.lishaojun.crm.service.IRoleService.queryForPage(QueryObject)','[{\"page\":1,\"rows\":10,\"keyword\":null,\"start\":0}]'),(356,1,'2019-08-19 10:53:11','0:0:0:0:0:0:0:1','top.lishaojun.crm.service.impl.PermissionServiceImpl@16be03e6:PageResult top.lishaojun.crm.service.IPermissionService.queryForPage(QueryObject)','[{\"page\":1,\"rows\":10,\"rid\":6,\"start\":0}]'),(357,1,'2019-08-19 10:53:26','0:0:0:0:0:0:0:1','top.lishaojun.crm.service.impl.PermissionServiceImpl@16be03e6:PageResult top.lishaojun.crm.service.IPermissionService.queryForPage(QueryObject)','[{\"page\":1,\"rows\":10,\"rid\":6,\"start\":0}]'),(358,1,'2019-08-19 10:53:36','0:0:0:0:0:0:0:1','top.lishaojun.crm.service.impl.EmployeeServiceImpl@4bdbb17b:Employee top.lishaojun.crm.service.IEmployeeService.getEmployeeForLogin(String,String)','[\"test\",\"123\"]'),(359,2,'2019-08-19 10:53:36','0:0:0:0:0:0:0:1','top.lishaojun.crm.service.impl.PermissionServiceImpl@16be03e6:List top.lishaojun.crm.service.IPermissionService.queryResourceByEid(Long)','[2]'),(360,2,'2019-08-19 10:53:36','0:0:0:0:0:0:0:1','top.lishaojun.crm.service.impl.PermissionServiceImpl@16be03e6:List top.lishaojun.crm.service.IPermissionService.selectAll()','[]'),(361,2,'2019-08-19 10:53:38','0:0:0:0:0:0:0:1','top.lishaojun.crm.service.impl.RoleServiceImpl@7bbc10bf:PageResult top.lishaojun.crm.service.IRoleService.queryForPage(QueryObject)','[{\"page\":1,\"rows\":10,\"keyword\":null,\"start\":0}]'),(362,2,'2019-08-19 10:53:38','0:0:0:0:0:0:0:1','top.lishaojun.crm.service.impl.PermissionServiceImpl@16be03e6:PageResult top.lishaojun.crm.service.IPermissionService.queryForPage(QueryObject)','[{\"page\":1,\"rows\":10,\"rid\":null,\"start\":0}]'),(363,2,'2019-08-19 10:53:50','0:0:0:0:0:0:0:1','top.lishaojun.crm.service.impl.DepartmentServiceImpl@79128475:List top.lishaojun.crm.service.IDepartmentService.queryForEmp()','[]'),(364,2,'2019-08-19 10:53:50','0:0:0:0:0:0:0:1','top.lishaojun.crm.service.impl.RoleServiceImpl@7bbc10bf:List top.lishaojun.crm.service.IRoleService.selectAll()','[]'),(365,2,'2019-08-19 10:53:50','0:0:0:0:0:0:0:1','top.lishaojun.crm.service.impl.EmployeeServiceImpl@4bdbb17b:PageResult top.lishaojun.crm.service.IEmployeeService.queryForPage(EmployeeQueryObject)','[{\"page\":1,\"rows\":10,\"keyword\":null,\"start\":0}]'),(366,2,'2019-08-19 10:54:14','0:0:0:0:0:0:0:1','top.lishaojun.crm.service.impl.RoleServiceImpl@7bbc10bf:PageResult top.lishaojun.crm.service.IRoleService.queryForPage(QueryObject)','[{\"page\":1,\"rows\":10,\"keyword\":null,\"start\":0}]'),(367,2,'2019-08-19 10:54:14','0:0:0:0:0:0:0:1','top.lishaojun.crm.service.impl.PermissionServiceImpl@16be03e6:PageResult top.lishaojun.crm.service.IPermissionService.queryForPage(QueryObject)','[{\"page\":1,\"rows\":10,\"rid\":null,\"start\":0}]'),(368,NULL,'2019-08-19 10:55:10','0:0:0:0:0:0:0:1','top.lishaojun.crm.service.impl.EmployeeServiceImpl@4bdbb17b:Employee top.lishaojun.crm.service.IEmployeeService.getEmployeeForLogin(String,String)','[\"test\",\"123\"]'),(369,2,'2019-08-19 10:55:10','0:0:0:0:0:0:0:1','top.lishaojun.crm.service.impl.PermissionServiceImpl@16be03e6:List top.lishaojun.crm.service.IPermissionService.queryResourceByEid(Long)','[2]'),(370,2,'2019-08-19 10:56:38','0:0:0:0:0:0:0:1','top.lishaojun.crm.service.impl.RoleServiceImpl@7bbc10bf:PageResult top.lishaojun.crm.service.IRoleService.queryForPage(QueryObject)','[{\"page\":1,\"rows\":10,\"keyword\":null,\"start\":0}]'),(371,2,'2019-08-19 10:56:38','0:0:0:0:0:0:0:1','top.lishaojun.crm.service.impl.PermissionServiceImpl@16be03e6:PageResult top.lishaojun.crm.service.IPermissionService.queryForPage(QueryObject)','[{\"page\":1,\"rows\":10,\"rid\":null,\"start\":0}]'),(372,NULL,'2019-08-19 14:16:08','0:0:0:0:0:0:0:1','top.lishaojun.crm.service.impl.EmployeeServiceImpl@1c3c3600:Employee top.lishaojun.crm.service.IEmployeeService.getEmployeeForLogin(String,String)','[\"admin\",\"123\"]'),(373,1,'2019-08-19 14:16:08','0:0:0:0:0:0:0:1','top.lishaojun.crm.service.impl.PermissionServiceImpl@f13b616:List top.lishaojun.crm.service.IPermissionService.queryResourceByEid(Long)','[1]'),(374,NULL,'2019-08-19 14:16:53','0:0:0:0:0:0:0:1','top.lishaojun.crm.service.impl.EmployeeServiceImpl@7e161057:Employee top.lishaojun.crm.service.IEmployeeService.getEmployeeForLogin(String,String)','[\"admin\",\"123\"]'),(375,1,'2019-08-19 14:16:53','0:0:0:0:0:0:0:1','top.lishaojun.crm.service.impl.PermissionServiceImpl@52e485aa:List top.lishaojun.crm.service.IPermissionService.queryResourceByEid(Long)','[1]'),(376,NULL,'2019-08-19 14:17:04','0:0:0:0:0:0:0:1','top.lishaojun.crm.service.impl.EmployeeServiceImpl@7e161057:Employee top.lishaojun.crm.service.IEmployeeService.getEmployeeForLogin(String,String)','[\"admin\",\"123\"]'),(377,1,'2019-08-19 14:17:04','0:0:0:0:0:0:0:1','top.lishaojun.crm.service.impl.PermissionServiceImpl@52e485aa:List top.lishaojun.crm.service.IPermissionService.queryResourceByEid(Long)','[1]'),(378,1,'2019-08-19 14:17:05','0:0:0:0:0:0:0:1','top.lishaojun.crm.service.impl.MenuServiceImpl@10564ff2:List top.lishaojun.crm.service.IMenuService.queryForMenu()','[]'),(379,1,'2019-08-19 14:20:44','0:0:0:0:0:0:0:1','top.lishaojun.crm.service.impl.MenuServiceImpl@10564ff2:List top.lishaojun.crm.service.IMenuService.queryForMenu()','[]'),(380,1,'2019-08-19 14:23:21','0:0:0:0:0:0:0:1','top.lishaojun.crm.service.impl.MenuServiceImpl@10564ff2:List top.lishaojun.crm.service.IMenuService.queryForMenu()','[]'),(381,1,'2019-08-19 14:24:17','0:0:0:0:0:0:0:1','top.lishaojun.crm.service.impl.MenuServiceImpl@10564ff2:List top.lishaojun.crm.service.IMenuService.queryForMenu()','[]'),(382,1,'2019-08-19 14:24:22','0:0:0:0:0:0:0:1','top.lishaojun.crm.service.impl.MenuServiceImpl@10564ff2:List top.lishaojun.crm.service.IMenuService.queryForMenu()','[]'),(383,NULL,'2019-08-19 14:25:07','0:0:0:0:0:0:0:1','top.lishaojun.crm.service.impl.EmployeeServiceImpl@7e161057:Employee top.lishaojun.crm.service.IEmployeeService.getEmployeeForLogin(String,String)','[\"admin\",\"123\"]'),(384,1,'2019-08-19 14:25:07','0:0:0:0:0:0:0:1','top.lishaojun.crm.service.impl.PermissionServiceImpl@52e485aa:List top.lishaojun.crm.service.IPermissionService.queryResourceByEid(Long)','[1]'),(385,1,'2019-08-19 14:25:07','0:0:0:0:0:0:0:1','top.lishaojun.crm.service.impl.MenuServiceImpl@10564ff2:List top.lishaojun.crm.service.IMenuService.queryForMenu()','[]'),(386,1,'2019-08-19 14:35:05','0:0:0:0:0:0:0:1','top.lishaojun.crm.service.impl.MenuServiceImpl@10564ff2:List top.lishaojun.crm.service.IMenuService.queryForMenu()','[]'),(387,1,'2019-08-19 14:35:07','0:0:0:0:0:0:0:1','top.lishaojun.crm.service.impl.DepartmentServiceImpl@4cde6cb8:List top.lishaojun.crm.service.IDepartmentService.queryForEmp()','[]'),(388,1,'2019-08-19 14:35:07','0:0:0:0:0:0:0:1','top.lishaojun.crm.service.impl.RoleServiceImpl@22ec63e2:List top.lishaojun.crm.service.IRoleService.selectAll()','[]'),(389,1,'2019-08-19 14:35:07','0:0:0:0:0:0:0:1','top.lishaojun.crm.service.impl.EmployeeServiceImpl@7e161057:PageResult top.lishaojun.crm.service.IEmployeeService.queryForPage(EmployeeQueryObject)','[{\"page\":1,\"rows\":10,\"keyword\":null,\"start\":0}]'),(390,1,'2019-08-19 14:35:14','0:0:0:0:0:0:0:1','top.lishaojun.crm.service.impl.RoleServiceImpl@22ec63e2:PageResult top.lishaojun.crm.service.IRoleService.queryForPage(QueryObject)','[{\"page\":1,\"rows\":10,\"keyword\":null,\"start\":0}]'),(391,1,'2019-08-19 14:35:14','0:0:0:0:0:0:0:1','top.lishaojun.crm.service.impl.PermissionServiceImpl@52e485aa:PageResult top.lishaojun.crm.service.IPermissionService.queryForPage(QueryObject)','[{\"page\":1,\"rows\":10,\"rid\":null,\"start\":0}]'),(392,NULL,'2019-08-19 14:43:16','0:0:0:0:0:0:0:1','top.lishaojun.crm.service.impl.EmployeeServiceImpl@22d267:Employee top.lishaojun.crm.service.IEmployeeService.getEmployeeForLogin(String,String)','[\"admin\",\"123\"]'),(393,1,'2019-08-19 14:43:16','0:0:0:0:0:0:0:1','top.lishaojun.crm.service.impl.PermissionServiceImpl@780db184:List top.lishaojun.crm.service.IPermissionService.queryResourceByEid(Long)','[1]'),(394,1,'2019-08-19 14:43:16','0:0:0:0:0:0:0:1','top.lishaojun.crm.service.impl.MenuServiceImpl@148c7f96:List top.lishaojun.crm.service.IMenuService.queryForMenu()','[]'),(395,1,'2019-08-19 14:43:18','0:0:0:0:0:0:0:1','top.lishaojun.crm.service.impl.DepartmentServiceImpl@2956a226:List top.lishaojun.crm.service.IDepartmentService.queryForEmp()','[]'),(396,1,'2019-08-19 14:43:18','0:0:0:0:0:0:0:1','top.lishaojun.crm.service.impl.RoleServiceImpl@236661af:List top.lishaojun.crm.service.IRoleService.selectAll()','[]'),(397,1,'2019-08-19 14:43:18','0:0:0:0:0:0:0:1','top.lishaojun.crm.service.impl.EmployeeServiceImpl@22d267:PageResult top.lishaojun.crm.service.IEmployeeService.queryForPage(EmployeeQueryObject)','[{\"page\":1,\"rows\":10,\"keyword\":null,\"start\":0}]'),(398,1,'2019-08-19 14:43:20','0:0:0:0:0:0:0:1','top.lishaojun.crm.service.impl.RoleServiceImpl@236661af:PageResult top.lishaojun.crm.service.IRoleService.queryForPage(QueryObject)','[{\"page\":1,\"rows\":10,\"keyword\":null,\"start\":0}]'),(399,1,'2019-08-19 14:43:20','0:0:0:0:0:0:0:1','top.lishaojun.crm.service.impl.PermissionServiceImpl@780db184:PageResult top.lishaojun.crm.service.IPermissionService.queryForPage(QueryObject)','[{\"page\":1,\"rows\":10,\"rid\":null,\"start\":0}]'),(400,1,'2019-08-19 14:43:25','0:0:0:0:0:0:0:1','top.lishaojun.crm.service.impl.DepartmentServiceImpl@2956a226:List top.lishaojun.crm.service.IDepartmentService.queryForEmp()','[]'),(401,1,'2019-08-19 14:43:25','0:0:0:0:0:0:0:1','top.lishaojun.crm.service.impl.RoleServiceImpl@236661af:List top.lishaojun.crm.service.IRoleService.selectAll()','[]'),(402,1,'2019-08-19 14:43:25','0:0:0:0:0:0:0:1','top.lishaojun.crm.service.impl.EmployeeServiceImpl@22d267:PageResult top.lishaojun.crm.service.IEmployeeService.queryForPage(EmployeeQueryObject)','[{\"page\":1,\"rows\":10,\"keyword\":null,\"start\":0}]'),(403,1,'2019-08-19 14:43:26','0:0:0:0:0:0:0:1','top.lishaojun.crm.service.impl.RoleServiceImpl@236661af:PageResult top.lishaojun.crm.service.IRoleService.queryForPage(QueryObject)','[{\"page\":1,\"rows\":10,\"keyword\":null,\"start\":0}]'),(404,1,'2019-08-19 14:43:26','0:0:0:0:0:0:0:1','top.lishaojun.crm.service.impl.PermissionServiceImpl@780db184:PageResult top.lishaojun.crm.service.IPermissionService.queryForPage(QueryObject)','[{\"page\":1,\"rows\":10,\"rid\":null,\"start\":0}]'),(405,NULL,'2019-08-19 16:24:21','0:0:0:0:0:0:0:1','top.lishaojun.crm.service.impl.EmployeeServiceImpl@3d25c853:Employee top.lishaojun.crm.service.IEmployeeService.getEmployeeForLogin(String,String)','[\"admin\",\"123\"]'),(406,1,'2019-08-19 16:24:21','0:0:0:0:0:0:0:1','top.lishaojun.crm.service.impl.PermissionServiceImpl@7ce3b476:List top.lishaojun.crm.service.IPermissionService.queryResourceByEid(Long)','[1]'),(407,1,'2019-08-19 16:24:21','0:0:0:0:0:0:0:1','top.lishaojun.crm.service.impl.MenuServiceImpl@61a9997e:List top.lishaojun.crm.service.IMenuService.queryForMenu()','[]'),(408,1,'2019-08-19 16:24:36','0:0:0:0:0:0:0:1','top.lishaojun.crm.service.impl.RoleServiceImpl@5f6aff19:PageResult top.lishaojun.crm.service.IRoleService.queryForPage(QueryObject)','[{\"page\":1,\"rows\":10,\"keyword\":null,\"start\":0}]'),(409,1,'2019-08-19 16:24:36','0:0:0:0:0:0:0:1','top.lishaojun.crm.service.impl.PermissionServiceImpl@7ce3b476:PageResult top.lishaojun.crm.service.IPermissionService.queryForPage(QueryObject)','[{\"page\":1,\"rows\":10,\"rid\":null,\"start\":0}]'),(410,1,'2019-08-19 16:24:43','0:0:0:0:0:0:0:1','top.lishaojun.crm.service.impl.PermissionServiceImpl@7ce3b476:PageResult top.lishaojun.crm.service.IPermissionService.queryForPage(QueryObject)','[{\"page\":1,\"rows\":10,\"rid\":6,\"start\":0}]'),(411,1,'2019-08-19 16:28:22','0:0:0:0:0:0:0:1','top.lishaojun.crm.service.impl.EmployeeServiceImpl@3d25c853:Employee top.lishaojun.crm.service.IEmployeeService.getEmployeeForLogin(String,String)','[\"admin\",\"123\"]'),(412,1,'2019-08-19 16:28:22','0:0:0:0:0:0:0:1','top.lishaojun.crm.service.impl.PermissionServiceImpl@7ce3b476:List top.lishaojun.crm.service.IPermissionService.queryResourceByEid(Long)','[1]'),(413,1,'2019-08-19 16:28:22','0:0:0:0:0:0:0:1','top.lishaojun.crm.service.impl.MenuServiceImpl@61a9997e:List top.lishaojun.crm.service.IMenuService.queryForMenu()','[]'),(414,NULL,'2019-08-19 16:28:32','0:0:0:0:0:0:0:1','top.lishaojun.crm.service.impl.EmployeeServiceImpl@3d25c853:Employee top.lishaojun.crm.service.IEmployeeService.getEmployeeForLogin(String,String)','[\"admin\",\"123\"]'),(415,1,'2019-08-19 16:28:32','0:0:0:0:0:0:0:1','top.lishaojun.crm.service.impl.PermissionServiceImpl@7ce3b476:List top.lishaojun.crm.service.IPermissionService.queryResourceByEid(Long)','[1]'),(416,1,'2019-08-19 16:28:32','0:0:0:0:0:0:0:1','top.lishaojun.crm.service.impl.MenuServiceImpl@61a9997e:List top.lishaojun.crm.service.IMenuService.queryForMenu()','[]'),(417,NULL,'2019-08-19 16:29:04','0:0:0:0:0:0:0:1','top.lishaojun.crm.service.impl.EmployeeServiceImpl@3d25c853:Employee top.lishaojun.crm.service.IEmployeeService.getEmployeeForLogin(String,String)','[\"admin\",\"123\"]'),(418,1,'2019-08-19 16:29:04','0:0:0:0:0:0:0:1','top.lishaojun.crm.service.impl.PermissionServiceImpl@7ce3b476:List top.lishaojun.crm.service.IPermissionService.queryResourceByEid(Long)','[1]'),(419,1,'2019-08-19 16:29:08','0:0:0:0:0:0:0:1','top.lishaojun.crm.service.impl.MenuServiceImpl@61a9997e:List top.lishaojun.crm.service.IMenuService.queryForMenu()','[]'),(420,NULL,'2019-08-19 16:30:19','0:0:0:0:0:0:0:1','top.lishaojun.crm.service.impl.EmployeeServiceImpl@460085da:Employee top.lishaojun.crm.service.IEmployeeService.getEmployeeForLogin(String,String)','[\"admin\",\"123\"]'),(421,1,'2019-08-19 16:30:20','0:0:0:0:0:0:0:1','top.lishaojun.crm.service.impl.PermissionServiceImpl@85e8da9:List top.lishaojun.crm.service.IPermissionService.queryResourceByEid(Long)','[1]'),(422,1,'2019-08-19 16:30:22','0:0:0:0:0:0:0:1','top.lishaojun.crm.service.impl.MenuServiceImpl@25038108:List top.lishaojun.crm.service.IMenuService.queryForMenu()','[]'),(423,NULL,'2019-08-19 16:32:08','0:0:0:0:0:0:0:1','top.lishaojun.crm.service.impl.EmployeeServiceImpl@78f04cff:Employee top.lishaojun.crm.service.IEmployeeService.getEmployeeForLogin(String,String)','[\"admin\",\"123\"]'),(424,1,'2019-08-19 16:32:08','0:0:0:0:0:0:0:1','top.lishaojun.crm.service.impl.PermissionServiceImpl@7e717bdb:List top.lishaojun.crm.service.IPermissionService.queryResourceByEid(Long)','[1]'),(425,1,'2019-08-19 16:32:10','0:0:0:0:0:0:0:1','top.lishaojun.crm.service.impl.MenuServiceImpl@1375f9:List top.lishaojun.crm.service.IMenuService.queryForMenu()','[]'),(426,1,'2019-08-19 16:33:00','0:0:0:0:0:0:0:1','top.lishaojun.crm.service.impl.RoleServiceImpl@3a56b99b:PageResult top.lishaojun.crm.service.IRoleService.queryForPage(QueryObject)','[{\"page\":1,\"rows\":10,\"keyword\":null,\"start\":0}]'),(427,1,'2019-08-19 16:33:00','0:0:0:0:0:0:0:1','top.lishaojun.crm.service.impl.PermissionServiceImpl@7e717bdb:PageResult top.lishaojun.crm.service.IPermissionService.queryForPage(QueryObject)','[{\"page\":1,\"rows\":10,\"rid\":null,\"start\":0}]'),(428,1,'2019-08-19 16:33:05','0:0:0:0:0:0:0:1','top.lishaojun.crm.service.impl.PermissionServiceImpl@7e717bdb:PageResult top.lishaojun.crm.service.IPermissionService.queryForPage(QueryObject)','[{\"page\":1,\"rows\":10,\"rid\":6,\"start\":0}]'),(429,1,'2019-08-19 16:33:13','0:0:0:0:0:0:0:1','top.lishaojun.crm.service.impl.RoleServiceImpl@3a56b99b:int top.lishaojun.crm.service.IRoleService.updateByPrimaryKey(Role)','[{\"id\":6,\"name\":\"超级管理员\",\"sn\":\"001\",\"permissions\":[{\"id\":1,\"name\":null,\"resource\":null},{\"id\":2,\"name\":null,\"resource\":null},{\"id\":3,\"name\":null,\"resource\":null},{\"id\":4,\"name\":null,\"resource\":null},{\"id\":5,\"name\":null,\"resource\":null},{\"id\":6,\"name\":null,\"resource\":null}]}]'),(430,1,'2019-08-19 16:33:14','0:0:0:0:0:0:0:1','top.lishaojun.crm.service.impl.RoleServiceImpl@3a56b99b:PageResult top.lishaojun.crm.service.IRoleService.queryForPage(QueryObject)','[{\"page\":1,\"rows\":10,\"keyword\":null,\"start\":0}]'),(431,1,'2019-08-19 16:33:18','0:0:0:0:0:0:0:1','top.lishaojun.crm.service.impl.PermissionServiceImpl@7e717bdb:PageResult top.lishaojun.crm.service.IPermissionService.queryForPage(QueryObject)','[{\"page\":1,\"rows\":10,\"rid\":7,\"start\":0}]'),(432,1,'2019-08-19 16:33:31','0:0:0:0:0:0:0:1','top.lishaojun.crm.service.impl.RoleServiceImpl@3a56b99b:int top.lishaojun.crm.service.IRoleService.updateByPrimaryKey(Role)','[{\"id\":7,\"name\":\"普通管理员\",\"sn\":\"002\",\"permissions\":[{\"id\":2,\"name\":null,\"resource\":null},{\"id\":1,\"name\":null,\"resource\":null},{\"id\":5,\"name\":null,\"resource\":null}]}]'),(433,1,'2019-08-19 16:33:32','0:0:0:0:0:0:0:1','top.lishaojun.crm.service.impl.RoleServiceImpl@3a56b99b:PageResult top.lishaojun.crm.service.IRoleService.queryForPage(QueryObject)','[{\"page\":1,\"rows\":10,\"keyword\":null,\"start\":0}]'),(434,NULL,'2019-08-19 16:33:45','0:0:0:0:0:0:0:1','top.lishaojun.crm.service.impl.EmployeeServiceImpl@78f04cff:Employee top.lishaojun.crm.service.IEmployeeService.getEmployeeForLogin(String,String)','[\"admin\",\"123\"]'),(435,1,'2019-08-19 16:33:45','0:0:0:0:0:0:0:1','top.lishaojun.crm.service.impl.PermissionServiceImpl@7e717bdb:List top.lishaojun.crm.service.IPermissionService.queryResourceByEid(Long)','[1]'),(436,1,'2019-08-19 16:33:47','0:0:0:0:0:0:0:1','top.lishaojun.crm.service.impl.MenuServiceImpl@1375f9:List top.lishaojun.crm.service.IMenuService.queryForMenu()','[]'),(437,1,'2019-08-19 16:34:16','0:0:0:0:0:0:0:1','top.lishaojun.crm.service.impl.DepartmentServiceImpl@3ab097cf:List top.lishaojun.crm.service.IDepartmentService.queryForEmp()','[]'),(438,1,'2019-08-19 16:34:16','0:0:0:0:0:0:0:1','top.lishaojun.crm.service.impl.RoleServiceImpl@3a56b99b:List top.lishaojun.crm.service.IRoleService.selectAll()','[]'),(439,1,'2019-08-19 16:34:17','0:0:0:0:0:0:0:1','top.lishaojun.crm.service.impl.EmployeeServiceImpl@78f04cff:PageResult top.lishaojun.crm.service.IEmployeeService.queryForPage(EmployeeQueryObject)','[{\"page\":1,\"rows\":10,\"keyword\":null,\"start\":0}]'),(440,1,'2019-08-19 16:34:19','0:0:0:0:0:0:0:1','top.lishaojun.crm.service.impl.RoleServiceImpl@3a56b99b:PageResult top.lishaojun.crm.service.IRoleService.queryForPage(QueryObject)','[{\"page\":1,\"rows\":10,\"keyword\":null,\"start\":0}]'),(441,1,'2019-08-19 16:34:19','0:0:0:0:0:0:0:1','top.lishaojun.crm.service.impl.PermissionServiceImpl@7e717bdb:PageResult top.lishaojun.crm.service.IPermissionService.queryForPage(QueryObject)','[{\"page\":1,\"rows\":10,\"rid\":null,\"start\":0}]'),(442,1,'2019-08-19 16:34:24','0:0:0:0:0:0:0:1','top.lishaojun.crm.service.impl.DepartmentServiceImpl@3ab097cf:List top.lishaojun.crm.service.IDepartmentService.queryForEmp()','[]'),(443,1,'2019-08-19 16:34:24','0:0:0:0:0:0:0:1','top.lishaojun.crm.service.impl.RoleServiceImpl@3a56b99b:List top.lishaojun.crm.service.IRoleService.selectAll()','[]'),(444,1,'2019-08-19 16:34:24','0:0:0:0:0:0:0:1','top.lishaojun.crm.service.impl.EmployeeServiceImpl@78f04cff:PageResult top.lishaojun.crm.service.IEmployeeService.queryForPage(EmployeeQueryObject)','[{\"page\":1,\"rows\":10,\"keyword\":null,\"start\":0}]'),(445,1,'2019-08-19 16:34:54','0:0:0:0:0:0:0:1','top.lishaojun.crm.service.impl.EmployeeServiceImpl@78f04cff:Employee top.lishaojun.crm.service.IEmployeeService.getEmployeeForLogin(String,String)','[\"test\",\"123\"]'),(446,2,'2019-08-19 16:34:54','0:0:0:0:0:0:0:1','top.lishaojun.crm.service.impl.PermissionServiceImpl@7e717bdb:List top.lishaojun.crm.service.IPermissionService.queryResourceByEid(Long)','[2]'),(447,2,'2019-08-19 16:34:57','0:0:0:0:0:0:0:1','top.lishaojun.crm.service.impl.MenuServiceImpl@1375f9:List top.lishaojun.crm.service.IMenuService.queryForMenu()','[]'),(448,2,'2019-08-19 16:34:57','0:0:0:0:0:0:0:1','top.lishaojun.crm.service.impl.PermissionServiceImpl@7e717bdb:List top.lishaojun.crm.service.IPermissionService.selectAll()','[]'),(449,2,'2019-08-19 16:35:24','0:0:0:0:0:0:0:1','top.lishaojun.crm.service.impl.DepartmentServiceImpl@3ab097cf:List top.lishaojun.crm.service.IDepartmentService.queryForEmp()','[]'),(450,2,'2019-08-19 16:35:24','0:0:0:0:0:0:0:1','top.lishaojun.crm.service.impl.RoleServiceImpl@3a56b99b:List top.lishaojun.crm.service.IRoleService.selectAll()','[]'),(451,2,'2019-08-19 16:35:25','0:0:0:0:0:0:0:1','top.lishaojun.crm.service.impl.EmployeeServiceImpl@78f04cff:PageResult top.lishaojun.crm.service.IEmployeeService.queryForPage(EmployeeQueryObject)','[{\"page\":1,\"rows\":10,\"keyword\":null,\"start\":0}]'),(452,2,'2019-08-19 16:35:31','0:0:0:0:0:0:0:1','top.lishaojun.crm.service.impl.RoleServiceImpl@3a56b99b:PageResult top.lishaojun.crm.service.IRoleService.queryForPage(QueryObject)','[{\"page\":1,\"rows\":10,\"keyword\":null,\"start\":0}]'),(453,2,'2019-08-19 16:35:31','0:0:0:0:0:0:0:1','top.lishaojun.crm.service.impl.PermissionServiceImpl@7e717bdb:PageResult top.lishaojun.crm.service.IPermissionService.queryForPage(QueryObject)','[{\"page\":1,\"rows\":10,\"rid\":null,\"start\":0}]'),(454,2,'2019-08-19 16:35:39','0:0:0:0:0:0:0:1','top.lishaojun.crm.service.impl.PermissionServiceImpl@7e717bdb:PageResult top.lishaojun.crm.service.IPermissionService.queryForPage(QueryObject)','[{\"page\":1,\"rows\":10,\"rid\":7,\"start\":0}]'),(455,NULL,'2019-08-19 16:38:09','0:0:0:0:0:0:0:1','top.lishaojun.crm.service.impl.EmployeeServiceImpl@78f04cff:Employee top.lishaojun.crm.service.IEmployeeService.getEmployeeForLogin(String,String)','[\"admin\",\"123\"]'),(456,1,'2019-08-19 16:38:09','0:0:0:0:0:0:0:1','top.lishaojun.crm.service.impl.PermissionServiceImpl@7e717bdb:List top.lishaojun.crm.service.IPermissionService.queryResourceByEid(Long)','[1]'),(457,1,'2019-08-19 16:38:12','0:0:0:0:0:0:0:1','top.lishaojun.crm.service.impl.MenuServiceImpl@1375f9:List top.lishaojun.crm.service.IMenuService.queryForMenu()','[]'),(458,1,'2019-08-19 16:42:19','0:0:0:0:0:0:0:1','top.lishaojun.crm.service.impl.EmployeeServiceImpl@78f04cff:Employee top.lishaojun.crm.service.IEmployeeService.getEmployeeForLogin(String,String)','[\"test\",\"123\"]'),(459,2,'2019-08-19 16:42:19','0:0:0:0:0:0:0:1','top.lishaojun.crm.service.impl.PermissionServiceImpl@7e717bdb:List top.lishaojun.crm.service.IPermissionService.queryResourceByEid(Long)','[2]'),(460,2,'2019-08-19 16:42:22','0:0:0:0:0:0:0:1','top.lishaojun.crm.service.impl.MenuServiceImpl@1375f9:List top.lishaojun.crm.service.IMenuService.queryForMenu()','[]'),(461,2,'2019-08-19 16:42:52','0:0:0:0:0:0:0:1','top.lishaojun.crm.service.impl.EmployeeServiceImpl@78f04cff:Employee top.lishaojun.crm.service.IEmployeeService.getEmployeeForLogin(String,String)','[\"test\",\"123\"]'),(462,2,'2019-08-19 16:42:52','0:0:0:0:0:0:0:1','top.lishaojun.crm.service.impl.PermissionServiceImpl@7e717bdb:List top.lishaojun.crm.service.IPermissionService.queryResourceByEid(Long)','[2]'),(463,2,'2019-08-19 16:42:54','0:0:0:0:0:0:0:1','top.lishaojun.crm.service.impl.MenuServiceImpl@1375f9:List top.lishaojun.crm.service.IMenuService.queryForMenu()','[]'),(464,2,'2019-08-19 16:50:29','0:0:0:0:0:0:0:1','top.lishaojun.crm.service.impl.EmployeeServiceImpl@78f04cff:Employee top.lishaojun.crm.service.IEmployeeService.getEmployeeForLogin(String,String)','[\"test\",\"123\"]'),(465,2,'2019-08-19 16:50:29','0:0:0:0:0:0:0:1','top.lishaojun.crm.service.impl.PermissionServiceImpl@7e717bdb:List top.lishaojun.crm.service.IPermissionService.queryResourceByEid(Long)','[2]'),(466,2,'2019-08-19 16:51:33','0:0:0:0:0:0:0:1','top.lishaojun.crm.service.impl.MenuServiceImpl@1375f9:List top.lishaojun.crm.service.IMenuService.queryForMenu()','[]'),(467,NULL,'2019-08-19 16:54:31','0:0:0:0:0:0:0:1','top.lishaojun.crm.service.impl.EmployeeServiceImpl@5c97958f:Employee top.lishaojun.crm.service.IEmployeeService.getEmployeeForLogin(String,String)','[\"test\",\"123\"]'),(468,2,'2019-08-19 16:54:31','0:0:0:0:0:0:0:1','top.lishaojun.crm.service.impl.PermissionServiceImpl@37137f66:List top.lishaojun.crm.service.IPermissionService.queryResourceByEid(Long)','[2]'),(469,2,'2019-08-19 16:54:32','0:0:0:0:0:0:0:1','top.lishaojun.crm.service.impl.MenuServiceImpl@1eb32f54:List top.lishaojun.crm.service.IMenuService.queryForMenu()','[]'),(470,2,'2019-08-19 16:54:32','0:0:0:0:0:0:0:1','top.lishaojun.crm.service.impl.PermissionServiceImpl@37137f66:List top.lishaojun.crm.service.IPermissionService.selectAll()','[]'),(471,2,'2019-08-19 17:00:41','0:0:0:0:0:0:0:1','top.lishaojun.crm.service.impl.EmployeeServiceImpl@5c97958f:Employee top.lishaojun.crm.service.IEmployeeService.getEmployeeForLogin(String,String)','[\"admin\",\"123\"]'),(472,1,'2019-08-19 17:00:41','0:0:0:0:0:0:0:1','top.lishaojun.crm.service.impl.PermissionServiceImpl@37137f66:List top.lishaojun.crm.service.IPermissionService.queryResourceByEid(Long)','[1]'),(473,1,'2019-08-19 17:00:41','0:0:0:0:0:0:0:1','top.lishaojun.crm.service.impl.MenuServiceImpl@1eb32f54:List top.lishaojun.crm.service.IMenuService.queryForMenu()','[]'),(474,1,'2019-08-19 17:00:49','0:0:0:0:0:0:0:1','top.lishaojun.crm.service.impl.DepartmentServiceImpl@1323d3a9:List top.lishaojun.crm.service.IDepartmentService.queryForEmp()','[]'),(475,1,'2019-08-19 17:00:49','0:0:0:0:0:0:0:1','top.lishaojun.crm.service.impl.RoleServiceImpl@453068b5:List top.lishaojun.crm.service.IRoleService.selectAll()','[]'),(476,1,'2019-08-19 17:00:49','0:0:0:0:0:0:0:1','top.lishaojun.crm.service.impl.EmployeeServiceImpl@5c97958f:PageResult top.lishaojun.crm.service.IEmployeeService.queryForPage(EmployeeQueryObject)','[{\"page\":1,\"rows\":10,\"keyword\":null,\"start\":0}]'),(477,1,'2019-08-19 17:00:51','0:0:0:0:0:0:0:1','top.lishaojun.crm.service.impl.RoleServiceImpl@453068b5:PageResult top.lishaojun.crm.service.IRoleService.queryForPage(QueryObject)','[{\"page\":1,\"rows\":10,\"keyword\":null,\"start\":0}]'),(478,1,'2019-08-19 17:00:51','0:0:0:0:0:0:0:1','top.lishaojun.crm.service.impl.PermissionServiceImpl@37137f66:PageResult top.lishaojun.crm.service.IPermissionService.queryForPage(QueryObject)','[{\"page\":1,\"rows\":10,\"rid\":null,\"start\":0}]'),(479,NULL,'2019-08-19 17:29:02','0:0:0:0:0:0:0:1','top.lishaojun.crm.service.impl.EmployeeServiceImpl@2860fee8:Employee top.lishaojun.crm.service.IEmployeeService.getEmployeeForLogin(String,String)','[\"admin\",\"123\"]'),(480,1,'2019-08-19 17:29:02','0:0:0:0:0:0:0:1','top.lishaojun.crm.service.impl.PermissionServiceImpl@7220e630:List top.lishaojun.crm.service.IPermissionService.queryResourceByEid(Long)','[1]'),(481,1,'2019-08-19 17:29:02','0:0:0:0:0:0:0:1','top.lishaojun.crm.service.impl.MenuServiceImpl@62c460cf:List top.lishaojun.crm.service.IMenuService.queryForMenu()','[]'),(482,1,'2019-08-19 17:29:05','0:0:0:0:0:0:0:1','top.lishaojun.crm.service.impl.DepartmentServiceImpl@5ff9f650:PageResult top.lishaojun.crm.service.IDepartmentService.queryForPage(DepartmentQueryObject)','[{\"page\":1,\"rows\":10,\"keyword\":null,\"start\":0}]'),(483,1,'2019-08-19 17:29:15','0:0:0:0:0:0:0:1','top.lishaojun.crm.service.impl.RoleServiceImpl@23a360df:PageResult top.lishaojun.crm.service.IRoleService.queryForPage(QueryObject)','[{\"page\":1,\"rows\":10,\"keyword\":null,\"start\":0}]'),(484,1,'2019-08-19 17:29:15','0:0:0:0:0:0:0:1','top.lishaojun.crm.service.impl.PermissionServiceImpl@7220e630:PageResult top.lishaojun.crm.service.IPermissionService.queryForPage(QueryObject)','[{\"page\":1,\"rows\":10,\"rid\":null,\"start\":0}]'),(485,1,'2019-08-19 17:29:16','0:0:0:0:0:0:0:1','top.lishaojun.crm.service.impl.DepartmentServiceImpl@5ff9f650:List top.lishaojun.crm.service.IDepartmentService.queryForEmp()','[]'),(486,1,'2019-08-19 17:29:16','0:0:0:0:0:0:0:1','top.lishaojun.crm.service.impl.RoleServiceImpl@23a360df:List top.lishaojun.crm.service.IRoleService.selectAll()','[]'),(487,1,'2019-08-19 17:29:16','0:0:0:0:0:0:0:1','top.lishaojun.crm.service.impl.EmployeeServiceImpl@2860fee8:PageResult top.lishaojun.crm.service.IEmployeeService.queryForPage(EmployeeQueryObject)','[{\"page\":1,\"rows\":10,\"keyword\":null,\"start\":0}]'),(488,1,'2019-08-19 17:30:12','0:0:0:0:0:0:0:1','top.lishaojun.crm.service.impl.PermissionServiceImpl@7220e630:PageResult top.lishaojun.crm.service.IPermissionService.queryForPage(QueryObject)','[{\"page\":1,\"rows\":10,\"rid\":6,\"start\":0}]'),(489,1,'2019-08-19 17:30:27','0:0:0:0:0:0:0:1','top.lishaojun.crm.service.impl.EmployeeServiceImpl@2860fee8:PageResult top.lishaojun.crm.service.IEmployeeService.queryForPage(EmployeeQueryObject)','[{\"page\":1,\"rows\":10,\"keyword\":null,\"start\":0}]'),(490,1,'2019-08-19 17:30:31','0:0:0:0:0:0:0:1','top.lishaojun.crm.service.impl.DepartmentServiceImpl@5ff9f650:PageResult top.lishaojun.crm.service.IDepartmentService.queryForPage(DepartmentQueryObject)','[{\"page\":1,\"rows\":10,\"keyword\":\"boss\",\"start\":0}]'),(491,1,'2019-08-19 17:35:32','0:0:0:0:0:0:0:1','top.lishaojun.crm.service.impl.DepartmentServiceImpl@5ff9f650:PageResult top.lishaojun.crm.service.IDepartmentService.queryForPage(DepartmentQueryObject)','[{\"page\":1,\"rows\":10,\"keyword\":null,\"start\":0}]'),(492,1,'2019-08-19 17:36:06','0:0:0:0:0:0:0:1','top.lishaojun.crm.service.impl.EmployeeServiceImpl@2860fee8:Employee top.lishaojun.crm.service.IEmployeeService.getEmployeeForLogin(String,String)','[\"test\",\"123\"]'),(493,2,'2019-08-19 17:36:06','0:0:0:0:0:0:0:1','top.lishaojun.crm.service.impl.PermissionServiceImpl@7220e630:List top.lishaojun.crm.service.IPermissionService.queryResourceByEid(Long)','[2]'),(494,2,'2019-08-19 17:36:06','0:0:0:0:0:0:0:1','top.lishaojun.crm.service.impl.MenuServiceImpl@62c460cf:List top.lishaojun.crm.service.IMenuService.queryForMenu()','[]'),(495,2,'2019-08-19 17:36:09','0:0:0:0:0:0:0:1','top.lishaojun.crm.service.impl.PermissionServiceImpl@7220e630:List top.lishaojun.crm.service.IPermissionService.selectAll()','[]'),(496,2,'2019-08-19 17:36:14','0:0:0:0:0:0:0:1','top.lishaojun.crm.service.impl.DepartmentServiceImpl@5ff9f650:List top.lishaojun.crm.service.IDepartmentService.queryForEmp()','[]'),(497,2,'2019-08-19 17:36:14','0:0:0:0:0:0:0:1','top.lishaojun.crm.service.impl.RoleServiceImpl@23a360df:List top.lishaojun.crm.service.IRoleService.selectAll()','[]'),(498,2,'2019-08-19 17:36:14','0:0:0:0:0:0:0:1','top.lishaojun.crm.service.impl.EmployeeServiceImpl@2860fee8:PageResult top.lishaojun.crm.service.IEmployeeService.queryForPage(EmployeeQueryObject)','[{\"page\":1,\"rows\":10,\"keyword\":null,\"start\":0}]'),(499,NULL,'2019-08-19 17:37:48','0:0:0:0:0:0:0:1','top.lishaojun.crm.service.impl.EmployeeServiceImpl@639016bf:Employee top.lishaojun.crm.service.IEmployeeService.getEmployeeForLogin(String,String)','[\"test\",\"123\"]'),(500,2,'2019-08-19 17:37:48','0:0:0:0:0:0:0:1','top.lishaojun.crm.service.impl.PermissionServiceImpl@47fcdd14:List top.lishaojun.crm.service.IPermissionService.queryResourceByEid(Long)','[2]'),(501,2,'2019-08-19 17:37:48','0:0:0:0:0:0:0:1','top.lishaojun.crm.service.impl.MenuServiceImpl@179802c2:List top.lishaojun.crm.service.IMenuService.queryForMenu()','[]'),(502,2,'2019-08-19 17:37:48','0:0:0:0:0:0:0:1','top.lishaojun.crm.service.impl.PermissionServiceImpl@47fcdd14:List top.lishaojun.crm.service.IPermissionService.selectAll()','[]'),(503,2,'2019-08-19 17:37:51','0:0:0:0:0:0:0:1','top.lishaojun.crm.service.impl.DepartmentServiceImpl@9fc3c91:List top.lishaojun.crm.service.IDepartmentService.queryForEmp()','[]'),(504,2,'2019-08-19 17:37:51','0:0:0:0:0:0:0:1','top.lishaojun.crm.service.impl.RoleServiceImpl@1662d50d:List top.lishaojun.crm.service.IRoleService.selectAll()','[]'),(505,2,'2019-08-19 17:37:51','0:0:0:0:0:0:0:1','top.lishaojun.crm.service.impl.EmployeeServiceImpl@639016bf:PageResult top.lishaojun.crm.service.IEmployeeService.queryForPage(EmployeeQueryObject)','[{\"page\":1,\"rows\":10,\"keyword\":null,\"start\":0}]'),(506,2,'2019-08-19 17:38:24','0:0:0:0:0:0:0:1','top.lishaojun.crm.service.impl.DepartmentServiceImpl@9fc3c91:List top.lishaojun.crm.service.IDepartmentService.queryForEmp()','[]'),(507,2,'2019-08-19 17:38:24','0:0:0:0:0:0:0:1','top.lishaojun.crm.service.impl.RoleServiceImpl@1662d50d:List top.lishaojun.crm.service.IRoleService.selectAll()','[]'),(508,2,'2019-08-19 17:38:24','0:0:0:0:0:0:0:1','top.lishaojun.crm.service.impl.EmployeeServiceImpl@639016bf:PageResult top.lishaojun.crm.service.IEmployeeService.queryForPage(EmployeeQueryObject)','[{\"page\":1,\"rows\":10,\"keyword\":null,\"start\":0}]'),(509,2,'2019-08-19 17:39:36','0:0:0:0:0:0:0:1','top.lishaojun.crm.service.impl.EmployeeServiceImpl@639016bf:Employee top.lishaojun.crm.service.IEmployeeService.getEmployeeForLogin(String,String)','[\"admin\",\"123\"]'),(510,1,'2019-08-19 17:39:36','0:0:0:0:0:0:0:1','top.lishaojun.crm.service.impl.PermissionServiceImpl@47fcdd14:List top.lishaojun.crm.service.IPermissionService.queryResourceByEid(Long)','[1]'),(511,1,'2019-08-19 17:39:36','0:0:0:0:0:0:0:1','top.lishaojun.crm.service.impl.MenuServiceImpl@179802c2:List top.lishaojun.crm.service.IMenuService.queryForMenu()','[]'),(512,1,'2019-08-19 17:40:27','0:0:0:0:0:0:0:1','top.lishaojun.crm.service.impl.DepartmentServiceImpl@9fc3c91:PageResult top.lishaojun.crm.service.IDepartmentService.queryForPage(DepartmentQueryObject)','[{\"page\":1,\"rows\":10,\"keyword\":null,\"start\":0}]'),(513,1,'2019-08-19 17:40:28','0:0:0:0:0:0:0:1','top.lishaojun.crm.service.impl.DepartmentServiceImpl@9fc3c91:List top.lishaojun.crm.service.IDepartmentService.queryForEmp()','[]'),(514,1,'2019-08-19 17:40:28','0:0:0:0:0:0:0:1','top.lishaojun.crm.service.impl.RoleServiceImpl@1662d50d:List top.lishaojun.crm.service.IRoleService.selectAll()','[]'),(515,1,'2019-08-19 17:40:28','0:0:0:0:0:0:0:1','top.lishaojun.crm.service.impl.EmployeeServiceImpl@639016bf:PageResult top.lishaojun.crm.service.IEmployeeService.queryForPage(EmployeeQueryObject)','[{\"page\":1,\"rows\":10,\"keyword\":null,\"start\":0}]'),(516,1,'2019-08-19 17:40:30','0:0:0:0:0:0:0:1','top.lishaojun.crm.service.impl.RoleServiceImpl@1662d50d:PageResult top.lishaojun.crm.service.IRoleService.queryForPage(QueryObject)','[{\"page\":1,\"rows\":10,\"keyword\":null,\"start\":0}]'),(517,1,'2019-08-19 17:40:30','0:0:0:0:0:0:0:1','top.lishaojun.crm.service.impl.PermissionServiceImpl@47fcdd14:PageResult top.lishaojun.crm.service.IPermissionService.queryForPage(QueryObject)','[{\"page\":1,\"rows\":10,\"rid\":null,\"start\":0}]'),(518,NULL,'2019-08-19 17:44:55','0:0:0:0:0:0:0:1','top.lishaojun.crm.service.impl.EmployeeServiceImpl@6472fc98:Employee top.lishaojun.crm.service.IEmployeeService.getEmployeeForLogin(String,String)','[\"admin\",\"123\"]'),(519,1,'2019-08-19 17:44:56','0:0:0:0:0:0:0:1','top.lishaojun.crm.service.impl.PermissionServiceImpl@7bbbe31b:List top.lishaojun.crm.service.IPermissionService.queryResourceByEid(Long)','[1]'),(520,1,'2019-08-19 17:44:56','0:0:0:0:0:0:0:1','top.lishaojun.crm.service.impl.MenuServiceImpl@b3e233e:List top.lishaojun.crm.service.IMenuService.queryForMenu()','[]'),(521,1,'2019-08-19 17:44:58','0:0:0:0:0:0:0:1','top.lishaojun.crm.service.impl.DepartmentServiceImpl@4c01733b:List top.lishaojun.crm.service.IDepartmentService.queryForEmp()','[]'),(522,1,'2019-08-19 17:44:58','0:0:0:0:0:0:0:1','top.lishaojun.crm.service.impl.RoleServiceImpl@31c85f2b:List top.lishaojun.crm.service.IRoleService.selectAll()','[]'),(523,1,'2019-08-19 17:44:58','0:0:0:0:0:0:0:1','top.lishaojun.crm.service.impl.EmployeeServiceImpl@6472fc98:PageResult top.lishaojun.crm.service.IEmployeeService.queryForPage(EmployeeQueryObject)','[{\"page\":1,\"rows\":10,\"keyword\":null,\"start\":0}]'),(524,NULL,'2019-08-19 17:45:28','0:0:0:0:0:0:0:1','top.lishaojun.crm.service.impl.EmployeeServiceImpl@142e2c9f:Employee top.lishaojun.crm.service.IEmployeeService.getEmployeeForLogin(String,String)','[\"admin\",\"123\"]'),(525,1,'2019-08-19 17:45:28','0:0:0:0:0:0:0:1','top.lishaojun.crm.service.impl.PermissionServiceImpl@329a92b2:List top.lishaojun.crm.service.IPermissionService.queryResourceByEid(Long)','[1]'),(526,1,'2019-08-19 17:45:28','0:0:0:0:0:0:0:1','top.lishaojun.crm.service.impl.MenuServiceImpl@6cd9662:List top.lishaojun.crm.service.IMenuService.queryForMenu()','[]'),(527,1,'2019-08-19 17:45:30','0:0:0:0:0:0:0:1','top.lishaojun.crm.service.impl.DepartmentServiceImpl@7d0a4c4:List top.lishaojun.crm.service.IDepartmentService.queryForEmp()','[]'),(528,1,'2019-08-19 17:45:30','0:0:0:0:0:0:0:1','top.lishaojun.crm.service.impl.RoleServiceImpl@117328f4:List top.lishaojun.crm.service.IRoleService.selectAll()','[]'),(529,1,'2019-08-19 17:45:30','0:0:0:0:0:0:0:1','top.lishaojun.crm.service.impl.EmployeeServiceImpl@142e2c9f:PageResult top.lishaojun.crm.service.IEmployeeService.queryForPage(EmployeeQueryObject)','[{\"page\":1,\"rows\":10,\"keyword\":null,\"start\":0}]'),(530,1,'2019-08-19 17:45:34','0:0:0:0:0:0:0:1','top.lishaojun.crm.service.impl.EmployeeServiceImpl@142e2c9f:List top.lishaojun.crm.service.IEmployeeService.queryRoleByEid(Long)','[2]'),(531,1,'2019-08-19 17:45:42','0:0:0:0:0:0:0:1','top.lishaojun.crm.service.impl.RoleServiceImpl@117328f4:PageResult top.lishaojun.crm.service.IRoleService.queryForPage(QueryObject)','[{\"page\":1,\"rows\":10,\"keyword\":null,\"start\":0}]'),(532,1,'2019-08-19 17:45:42','0:0:0:0:0:0:0:1','top.lishaojun.crm.service.impl.PermissionServiceImpl@329a92b2:PageResult top.lishaojun.crm.service.IPermissionService.queryForPage(QueryObject)','[{\"page\":1,\"rows\":10,\"rid\":null,\"start\":0}]'),(533,1,'2019-08-19 17:45:45','0:0:0:0:0:0:0:1','top.lishaojun.crm.service.impl.PermissionServiceImpl@329a92b2:PageResult top.lishaojun.crm.service.IPermissionService.queryForPage(QueryObject)','[{\"page\":1,\"rows\":10,\"rid\":7,\"start\":0}]'),(534,1,'2019-08-19 17:46:07','0:0:0:0:0:0:0:1','top.lishaojun.crm.service.impl.RoleServiceImpl@117328f4:int top.lishaojun.crm.service.IRoleService.updateByPrimaryKey(Role)','[{\"id\":7,\"name\":\"普通管理员\",\"sn\":\"002\",\"permissions\":[{\"id\":1,\"name\":null,\"resource\":null},{\"id\":2,\"name\":null,\"resource\":null},{\"id\":5,\"name\":null,\"resource\":null},{\"id\":6,\"name\":null,\"resource\":null}]}]'),(535,1,'2019-08-19 17:46:09','0:0:0:0:0:0:0:1','top.lishaojun.crm.service.impl.RoleServiceImpl@117328f4:PageResult top.lishaojun.crm.service.IRoleService.queryForPage(QueryObject)','[{\"page\":1,\"rows\":10,\"keyword\":null,\"start\":0}]'),(536,1,'2019-08-19 17:46:19','0:0:0:0:0:0:0:1','top.lishaojun.crm.service.impl.EmployeeServiceImpl@142e2c9f:Employee top.lishaojun.crm.service.IEmployeeService.getEmployeeForLogin(String,String)','[\"test\",\"123\"]'),(537,2,'2019-08-19 17:46:19','0:0:0:0:0:0:0:1','top.lishaojun.crm.service.impl.PermissionServiceImpl@329a92b2:List top.lishaojun.crm.service.IPermissionService.queryResourceByEid(Long)','[2]'),(538,2,'2019-08-19 17:46:19','0:0:0:0:0:0:0:1','top.lishaojun.crm.service.impl.MenuServiceImpl@6cd9662:List top.lishaojun.crm.service.IMenuService.queryForMenu()','[]'),(539,2,'2019-08-19 17:46:19','0:0:0:0:0:0:0:1','top.lishaojun.crm.service.impl.PermissionServiceImpl@329a92b2:List top.lishaojun.crm.service.IPermissionService.selectAll()','[]'),(540,2,'2019-08-19 17:46:24','0:0:0:0:0:0:0:1','top.lishaojun.crm.service.impl.DepartmentServiceImpl@7d0a4c4:List top.lishaojun.crm.service.IDepartmentService.queryForEmp()','[]'),(541,2,'2019-08-19 17:46:24','0:0:0:0:0:0:0:1','top.lishaojun.crm.service.impl.RoleServiceImpl@117328f4:List top.lishaojun.crm.service.IRoleService.selectAll()','[]'),(542,2,'2019-08-19 17:46:24','0:0:0:0:0:0:0:1','top.lishaojun.crm.service.impl.EmployeeServiceImpl@142e2c9f:PageResult top.lishaojun.crm.service.IEmployeeService.queryForPage(EmployeeQueryObject)','[{\"page\":1,\"rows\":10,\"keyword\":null,\"start\":0}]'),(543,2,'2019-08-19 17:46:29','0:0:0:0:0:0:0:1','top.lishaojun.crm.service.impl.DepartmentServiceImpl@7d0a4c4:PageResult top.lishaojun.crm.service.IDepartmentService.queryForPage(DepartmentQueryObject)','[{\"page\":1,\"rows\":10,\"keyword\":null,\"start\":0}]'),(544,2,'2019-08-19 17:46:41','0:0:0:0:0:0:0:1','top.lishaojun.crm.service.impl.EmployeeServiceImpl@142e2c9f:List top.lishaojun.crm.service.IEmployeeService.queryRoleByEid(Long)','[17]'),(545,NULL,'2019-08-19 17:47:49','0:0:0:0:0:0:0:1','top.lishaojun.crm.service.impl.EmployeeServiceImpl@573a9fa4:Employee top.lishaojun.crm.service.IEmployeeService.getEmployeeForLogin(String,String)','[\"test\",\"123\"]'),(546,2,'2019-08-19 17:47:49','0:0:0:0:0:0:0:1','top.lishaojun.crm.service.impl.PermissionServiceImpl@6332e24f:List top.lishaojun.crm.service.IPermissionService.queryResourceByEid(Long)','[2]'),(547,2,'2019-08-19 17:47:50','0:0:0:0:0:0:0:1','top.lishaojun.crm.service.impl.MenuServiceImpl@79a07daf:List top.lishaojun.crm.service.IMenuService.queryForMenu()','[]'),(548,2,'2019-08-19 17:47:56','0:0:0:0:0:0:0:1','top.lishaojun.crm.service.impl.PermissionServiceImpl@6332e24f:List top.lishaojun.crm.service.IPermissionService.selectAll()','[]'),(549,2,'2019-08-19 17:49:09','0:0:0:0:0:0:0:1','top.lishaojun.crm.service.impl.DepartmentServiceImpl@6eed744e:List top.lishaojun.crm.service.IDepartmentService.queryForEmp()','[]'),(550,2,'2019-08-19 17:49:09','0:0:0:0:0:0:0:1','top.lishaojun.crm.service.impl.RoleServiceImpl@304d0edf:List top.lishaojun.crm.service.IRoleService.selectAll()','[]'),(551,2,'2019-08-19 17:49:09','0:0:0:0:0:0:0:1','top.lishaojun.crm.service.impl.EmployeeServiceImpl@573a9fa4:PageResult top.lishaojun.crm.service.IEmployeeService.queryForPage(EmployeeQueryObject)','[{\"page\":1,\"rows\":10,\"keyword\":null,\"start\":0}]'),(552,2,'2019-08-19 17:50:32','0:0:0:0:0:0:0:1','top.lishaojun.crm.service.impl.DepartmentServiceImpl@6eed744e:List top.lishaojun.crm.service.IDepartmentService.queryForEmp()','[]'),(553,2,'2019-08-19 17:50:32','0:0:0:0:0:0:0:1','top.lishaojun.crm.service.impl.RoleServiceImpl@304d0edf:List top.lishaojun.crm.service.IRoleService.selectAll()','[]'),(554,2,'2019-08-19 17:50:32','0:0:0:0:0:0:0:1','top.lishaojun.crm.service.impl.EmployeeServiceImpl@573a9fa4:PageResult top.lishaojun.crm.service.IEmployeeService.queryForPage(EmployeeQueryObject)','[{\"page\":1,\"rows\":10,\"keyword\":null,\"start\":0}]'),(555,2,'2019-08-19 17:50:33','0:0:0:0:0:0:0:1','top.lishaojun.crm.service.impl.DepartmentServiceImpl@6eed744e:PageResult top.lishaojun.crm.service.IDepartmentService.queryForPage(DepartmentQueryObject)','[{\"page\":1,\"rows\":10,\"keyword\":null,\"start\":0}]'),(556,2,'2019-08-19 17:50:41','0:0:0:0:0:0:0:1','top.lishaojun.crm.service.impl.EmployeeServiceImpl@573a9fa4:Employee top.lishaojun.crm.service.IEmployeeService.getEmployeeForLogin(String,String)','[\"test\",\"123\"]'),(557,2,'2019-08-19 17:50:41','0:0:0:0:0:0:0:1','top.lishaojun.crm.service.impl.PermissionServiceImpl@6332e24f:List top.lishaojun.crm.service.IPermissionService.queryResourceByEid(Long)','[2]'),(558,2,'2019-08-19 17:50:41','0:0:0:0:0:0:0:1','top.lishaojun.crm.service.impl.MenuServiceImpl@79a07daf:List top.lishaojun.crm.service.IMenuService.queryForMenu()','[]'),(559,2,'2019-08-19 17:50:43','0:0:0:0:0:0:0:1','top.lishaojun.crm.service.impl.DepartmentServiceImpl@6eed744e:List top.lishaojun.crm.service.IDepartmentService.queryForEmp()','[]'),(560,2,'2019-08-19 17:50:43','0:0:0:0:0:0:0:1','top.lishaojun.crm.service.impl.RoleServiceImpl@304d0edf:List top.lishaojun.crm.service.IRoleService.selectAll()','[]'),(561,2,'2019-08-19 17:50:43','0:0:0:0:0:0:0:1','top.lishaojun.crm.service.impl.EmployeeServiceImpl@573a9fa4:PageResult top.lishaojun.crm.service.IEmployeeService.queryForPage(EmployeeQueryObject)','[{\"page\":1,\"rows\":10,\"keyword\":null,\"start\":0}]'),(562,NULL,'2019-08-19 17:53:42','0:0:0:0:0:0:0:1','top.lishaojun.crm.service.impl.EmployeeServiceImpl@20f0fad7:Employee top.lishaojun.crm.service.IEmployeeService.getEmployeeForLogin(String,String)','[\"test\",\"123\"]'),(563,2,'2019-08-19 17:53:42','0:0:0:0:0:0:0:1','top.lishaojun.crm.service.impl.PermissionServiceImpl@490b82e6:List top.lishaojun.crm.service.IPermissionService.queryResourceByEid(Long)','[2]'),(564,2,'2019-08-19 17:53:43','0:0:0:0:0:0:0:1','top.lishaojun.crm.service.impl.MenuServiceImpl@159fb271:List top.lishaojun.crm.service.IMenuService.queryForMenu()','[]'),(565,2,'2019-08-19 17:53:43','0:0:0:0:0:0:0:1','top.lishaojun.crm.service.impl.PermissionServiceImpl@490b82e6:List top.lishaojun.crm.service.IPermissionService.selectAll()','[]'),(566,2,'2019-08-19 17:53:53','0:0:0:0:0:0:0:1','top.lishaojun.crm.service.impl.DepartmentServiceImpl@3efab84:List top.lishaojun.crm.service.IDepartmentService.queryForEmp()','[]'),(567,2,'2019-08-19 17:53:53','0:0:0:0:0:0:0:1','top.lishaojun.crm.service.impl.RoleServiceImpl@7988b5f8:List top.lishaojun.crm.service.IRoleService.selectAll()','[]'),(568,2,'2019-08-19 17:53:53','0:0:0:0:0:0:0:1','top.lishaojun.crm.service.impl.EmployeeServiceImpl@20f0fad7:PageResult top.lishaojun.crm.service.IEmployeeService.queryForPage(EmployeeQueryObject)','[{\"page\":1,\"rows\":10,\"keyword\":null,\"start\":0}]'),(569,NULL,'2019-08-19 17:57:59','0:0:0:0:0:0:0:1','top.lishaojun.crm.service.impl.EmployeeServiceImpl@7b870632:Employee top.lishaojun.crm.service.IEmployeeService.getEmployeeForLogin(String,String)','[\"test\",\"123\"]'),(570,2,'2019-08-19 17:57:59','0:0:0:0:0:0:0:1','top.lishaojun.crm.service.impl.PermissionServiceImpl@38cc1354:List top.lishaojun.crm.service.IPermissionService.queryResourceByEid(Long)','[2]'),(571,2,'2019-08-19 17:57:59','0:0:0:0:0:0:0:1','top.lishaojun.crm.service.impl.MenuServiceImpl@2690251e:List top.lishaojun.crm.service.IMenuService.queryForMenu()','[]'),(572,2,'2019-08-19 17:57:59','0:0:0:0:0:0:0:1','top.lishaojun.crm.service.impl.PermissionServiceImpl@38cc1354:List top.lishaojun.crm.service.IPermissionService.selectAll()','[]'),(573,2,'2019-08-19 17:58:02','0:0:0:0:0:0:0:1','top.lishaojun.crm.service.impl.DepartmentServiceImpl@536ebf40:List top.lishaojun.crm.service.IDepartmentService.queryForEmp()','[]'),(574,2,'2019-08-19 17:58:02','0:0:0:0:0:0:0:1','top.lishaojun.crm.service.impl.RoleServiceImpl@42e91ce9:List top.lishaojun.crm.service.IRoleService.selectAll()','[]'),(575,2,'2019-08-19 17:58:02','0:0:0:0:0:0:0:1','top.lishaojun.crm.service.impl.EmployeeServiceImpl@7b870632:PageResult top.lishaojun.crm.service.IEmployeeService.queryForPage(EmployeeQueryObject)','[{\"page\":1,\"rows\":10,\"keyword\":null,\"start\":0}]'),(576,NULL,'2019-08-19 18:01:33','0:0:0:0:0:0:0:1','top.lishaojun.crm.service.impl.EmployeeServiceImpl@380e8c43:Employee top.lishaojun.crm.service.IEmployeeService.getEmployeeForLogin(String,String)','[\"test\",\"123\"]'),(577,2,'2019-08-19 18:01:33','0:0:0:0:0:0:0:1','top.lishaojun.crm.service.impl.PermissionServiceImpl@290e5d2:List top.lishaojun.crm.service.IPermissionService.queryResourceByEid(Long)','[2]'),(578,2,'2019-08-19 18:01:33','0:0:0:0:0:0:0:1','top.lishaojun.crm.service.impl.MenuServiceImpl@4d6c70e4:List top.lishaojun.crm.service.IMenuService.queryForMenu()','[]'),(579,2,'2019-08-19 18:01:33','0:0:0:0:0:0:0:1','top.lishaojun.crm.service.impl.PermissionServiceImpl@290e5d2:List top.lishaojun.crm.service.IPermissionService.selectAll()','[]'),(580,2,'2019-08-19 18:01:35','0:0:0:0:0:0:0:1','top.lishaojun.crm.service.impl.DepartmentServiceImpl@40523eef:List top.lishaojun.crm.service.IDepartmentService.queryForEmp()','[]'),(581,2,'2019-08-19 18:01:35','0:0:0:0:0:0:0:1','top.lishaojun.crm.service.impl.RoleServiceImpl@675b9b0d:List top.lishaojun.crm.service.IRoleService.selectAll()','[]'),(582,2,'2019-08-19 18:01:35','0:0:0:0:0:0:0:1','top.lishaojun.crm.service.impl.EmployeeServiceImpl@380e8c43:PageResult top.lishaojun.crm.service.IEmployeeService.queryForPage(EmployeeQueryObject)','[{\"page\":1,\"rows\":10,\"keyword\":null,\"start\":0}]'),(583,NULL,'2019-08-19 18:17:20','0:0:0:0:0:0:0:1','top.lishaojun.crm.service.impl.EmployeeServiceImpl@420e711c:Employee top.lishaojun.crm.service.IEmployeeService.getEmployeeForLogin(String,String)','[\"admin\",\"123\"]'),(584,1,'2019-08-19 18:17:20','0:0:0:0:0:0:0:1','top.lishaojun.crm.service.impl.PermissionServiceImpl@5f69bc44:List top.lishaojun.crm.service.IPermissionService.queryResourceByEid(Long)','[1]'),(585,1,'2019-08-19 18:17:20','0:0:0:0:0:0:0:1','top.lishaojun.crm.service.impl.MenuServiceImpl@32600ef1:List top.lishaojun.crm.service.IMenuService.queryForMenu()','[]'),(586,1,'2019-08-19 18:17:22','0:0:0:0:0:0:0:1','top.lishaojun.crm.service.impl.DepartmentServiceImpl@7ce28d91:List top.lishaojun.crm.service.IDepartmentService.queryForEmp()','[]'),(587,1,'2019-08-19 18:17:22','0:0:0:0:0:0:0:1','top.lishaojun.crm.service.impl.RoleServiceImpl@56130fa5:List top.lishaojun.crm.service.IRoleService.selectAll()','[]'),(588,1,'2019-08-19 18:17:23','0:0:0:0:0:0:0:1','top.lishaojun.crm.service.impl.EmployeeServiceImpl@420e711c:PageResult top.lishaojun.crm.service.IEmployeeService.queryForPage(EmployeeQueryObject)','[{\"page\":1,\"rows\":10,\"keyword\":null,\"start\":0}]'),(589,1,'2019-08-19 18:17:24','0:0:0:0:0:0:0:1','top.lishaojun.crm.service.impl.DepartmentServiceImpl@7ce28d91:PageResult top.lishaojun.crm.service.IDepartmentService.queryForPage(DepartmentQueryObject)','[{\"page\":1,\"rows\":10,\"keyword\":null,\"start\":0}]'),(590,1,'2019-08-19 18:17:26','0:0:0:0:0:0:0:1','top.lishaojun.crm.service.impl.RoleServiceImpl@56130fa5:PageResult top.lishaojun.crm.service.IRoleService.queryForPage(QueryObject)','[{\"page\":1,\"rows\":10,\"keyword\":null,\"start\":0}]'),(591,1,'2019-08-19 18:17:26','0:0:0:0:0:0:0:1','top.lishaojun.crm.service.impl.PermissionServiceImpl@5f69bc44:PageResult top.lishaojun.crm.service.IPermissionService.queryForPage(QueryObject)','[{\"page\":1,\"rows\":10,\"rid\":null,\"start\":0}]'),(592,NULL,'2019-08-19 18:29:22','0:0:0:0:0:0:0:1','top.lishaojun.crm.service.impl.EmployeeServiceImpl@7d71ccf2:Employee top.lishaojun.crm.service.IEmployeeService.getEmployeeForLogin(String,String)','[\"admin\",\"123\"]'),(593,1,'2019-08-19 18:29:22','0:0:0:0:0:0:0:1','top.lishaojun.crm.service.impl.PermissionServiceImpl@35b74d82:List top.lishaojun.crm.service.IPermissionService.queryResourceByEid(Long)','[1]'),(594,1,'2019-08-19 18:29:22','0:0:0:0:0:0:0:1','top.lishaojun.crm.service.impl.MenuServiceImpl@580505c5:List top.lishaojun.crm.service.IMenuService.queryForMenu()','[]'),(595,1,'2019-08-19 18:29:23','0:0:0:0:0:0:0:1','top.lishaojun.crm.service.impl.DepartmentServiceImpl@7038c4c1:PageResult top.lishaojun.crm.service.IDepartmentService.queryForPage(DepartmentQueryObject)','[{\"page\":1,\"rows\":10,\"keyword\":null,\"start\":0}]'),(596,1,'2019-08-19 18:29:24','0:0:0:0:0:0:0:1','top.lishaojun.crm.service.impl.DepartmentServiceImpl@7038c4c1:List top.lishaojun.crm.service.IDepartmentService.queryForEmp()','[]'),(597,1,'2019-08-19 18:29:24','0:0:0:0:0:0:0:1','top.lishaojun.crm.service.impl.RoleServiceImpl@46cc3ea9:List top.lishaojun.crm.service.IRoleService.selectAll()','[]'),(598,1,'2019-08-19 18:29:24','0:0:0:0:0:0:0:1','top.lishaojun.crm.service.impl.EmployeeServiceImpl@7d71ccf2:PageResult top.lishaojun.crm.service.IEmployeeService.queryForPage(EmployeeQueryObject)','[{\"page\":1,\"rows\":10,\"keyword\":null,\"start\":0}]'),(599,1,'2019-08-19 18:29:44','0:0:0:0:0:0:0:1','top.lishaojun.crm.service.impl.RoleServiceImpl@46cc3ea9:PageResult top.lishaojun.crm.service.IRoleService.queryForPage(QueryObject)','[{\"page\":1,\"rows\":10,\"keyword\":null,\"start\":0}]'),(600,1,'2019-08-19 18:29:44','0:0:0:0:0:0:0:1','top.lishaojun.crm.service.impl.PermissionServiceImpl@35b74d82:PageResult top.lishaojun.crm.service.IPermissionService.queryForPage(QueryObject)','[{\"page\":1,\"rows\":10,\"rid\":null,\"start\":0}]'),(601,NULL,'2019-08-19 18:33:59','0:0:0:0:0:0:0:1','top.lishaojun.crm.service.impl.EmployeeServiceImpl@49c08b3d:Employee top.lishaojun.crm.service.IEmployeeService.getEmployeeForLogin(String,String)','[\"admin\",\"123\"]'),(602,1,'2019-08-19 18:33:59','0:0:0:0:0:0:0:1','top.lishaojun.crm.service.impl.PermissionServiceImpl@7012621:List top.lishaojun.crm.service.IPermissionService.queryResourceByEid(Long)','[1]'),(603,1,'2019-08-19 18:33:59','0:0:0:0:0:0:0:1','top.lishaojun.crm.service.impl.MenuServiceImpl@5cb67449:List top.lishaojun.crm.service.IMenuService.queryForMenu()','[]'),(604,NULL,'2019-08-19 18:35:32','0:0:0:0:0:0:0:1','top.lishaojun.crm.service.impl.EmployeeServiceImpl@42c9cefb:Employee top.lishaojun.crm.service.IEmployeeService.getEmployeeForLogin(String,String)','[\"admin\",\"123\"]'),(605,1,'2019-08-19 18:35:32','0:0:0:0:0:0:0:1','top.lishaojun.crm.service.impl.PermissionServiceImpl@4aed7bd0:List top.lishaojun.crm.service.IPermissionService.queryResourceByEid(Long)','[1]'),(606,1,'2019-08-19 18:35:32','0:0:0:0:0:0:0:1','top.lishaojun.crm.service.impl.MenuServiceImpl@2e031aa0:List top.lishaojun.crm.service.IMenuService.queryForMenu()','[]'),(607,NULL,'2019-08-19 18:39:35','0:0:0:0:0:0:0:1','top.lishaojun.crm.service.impl.EmployeeServiceImpl@43e6be0b:Employee top.lishaojun.crm.service.IEmployeeService.getEmployeeForLogin(String,String)','[\"admin\",\"123\"]'),(608,1,'2019-08-19 18:39:35','0:0:0:0:0:0:0:1','top.lishaojun.crm.service.impl.PermissionServiceImpl@7df5b48d:List top.lishaojun.crm.service.IPermissionService.queryResourceByEid(Long)','[1]'),(609,1,'2019-08-19 18:39:36','0:0:0:0:0:0:0:1','top.lishaojun.crm.service.impl.MenuServiceImpl@1050bd01:List top.lishaojun.crm.service.IMenuService.queryForMenu()','[]'),(610,NULL,'2019-08-19 18:41:07','0:0:0:0:0:0:0:1','top.lishaojun.crm.service.impl.EmployeeServiceImpl@7539977e:Employee top.lishaojun.crm.service.IEmployeeService.getEmployeeForLogin(String,String)','[\"admin\",\"123\"]'),(611,1,'2019-08-19 18:41:07','0:0:0:0:0:0:0:1','top.lishaojun.crm.service.impl.PermissionServiceImpl@75cbcfb1:List top.lishaojun.crm.service.IPermissionService.queryResourceByEid(Long)','[1]'),(612,1,'2019-08-19 18:41:07','0:0:0:0:0:0:0:1','top.lishaojun.crm.service.impl.MenuServiceImpl@4a008a8a:List top.lishaojun.crm.service.IMenuService.queryForMenu()','[]'),(613,1,'2019-08-19 18:41:09','0:0:0:0:0:0:0:1','top.lishaojun.crm.service.impl.DepartmentServiceImpl@243ad737:List top.lishaojun.crm.service.IDepartmentService.queryForEmp()','[]'),(614,1,'2019-08-19 18:41:09','0:0:0:0:0:0:0:1','top.lishaojun.crm.service.impl.RoleServiceImpl@685b4816:List top.lishaojun.crm.service.IRoleService.selectAll()','[]'),(615,1,'2019-08-19 18:41:09','0:0:0:0:0:0:0:1','top.lishaojun.crm.service.impl.EmployeeServiceImpl@7539977e:PageResult top.lishaojun.crm.service.IEmployeeService.queryForPage(EmployeeQueryObject)','[{\"page\":1,\"rows\":10,\"keyword\":null,\"start\":0}]'),(616,NULL,'2019-08-20 09:19:17','0:0:0:0:0:0:0:1','top.lishaojun.crm.service.impl.EmployeeServiceImpl@1944506e:Employee top.lishaojun.crm.service.IEmployeeService.getEmployeeForLogin(String,String)','[\"admin\",\"123\"]'),(617,1,'2019-08-20 09:19:17','0:0:0:0:0:0:0:1','top.lishaojun.crm.service.impl.PermissionServiceImpl@16ecf8da:List top.lishaojun.crm.service.IPermissionService.queryResourceByEid(Long)','[1]'),(618,1,'2019-08-20 09:19:17','0:0:0:0:0:0:0:1','top.lishaojun.crm.service.impl.MenuServiceImpl@6c5f0de2:List top.lishaojun.crm.service.IMenuService.queryForMenu()','[]'),(619,1,'2019-08-20 09:19:19','0:0:0:0:0:0:0:1','top.lishaojun.crm.service.impl.DepartmentServiceImpl@4278340d:List top.lishaojun.crm.service.IDepartmentService.queryForEmp()','[]'),(620,1,'2019-08-20 09:19:19','0:0:0:0:0:0:0:1','top.lishaojun.crm.service.impl.RoleServiceImpl@2d890f99:List top.lishaojun.crm.service.IRoleService.selectAll()','[]'),(621,1,'2019-08-20 09:19:20','0:0:0:0:0:0:0:1','top.lishaojun.crm.service.impl.EmployeeServiceImpl@1944506e:PageResult top.lishaojun.crm.service.IEmployeeService.queryForPage(EmployeeQueryObject)','[{\"page\":1,\"rows\":10,\"keyword\":null,\"start\":0}]'),(622,1,'2019-08-20 09:19:29','0:0:0:0:0:0:0:1','top.lishaojun.crm.service.impl.RoleServiceImpl@2d890f99:PageResult top.lishaojun.crm.service.IRoleService.queryForPage(QueryObject)','[{\"page\":1,\"rows\":10,\"keyword\":null,\"start\":0}]'),(623,1,'2019-08-20 09:19:29','0:0:0:0:0:0:0:1','top.lishaojun.crm.service.impl.PermissionServiceImpl@16ecf8da:PageResult top.lishaojun.crm.service.IPermissionService.queryForPage(QueryObject)','[{\"page\":1,\"rows\":10,\"rid\":null,\"start\":0}]'),(624,NULL,'2019-08-20 09:23:33','0:0:0:0:0:0:0:1','top.lishaojun.crm.service.impl.EmployeeServiceImpl@4c5f6359:Employee top.lishaojun.crm.service.IEmployeeService.getEmployeeForLogin(String,String)','[\"admin\",\"123\"]'),(625,1,'2019-08-20 09:23:34','0:0:0:0:0:0:0:1','top.lishaojun.crm.service.impl.PermissionServiceImpl@6325a086:List top.lishaojun.crm.service.IPermissionService.queryResourceByEid(Long)','[1]'),(626,1,'2019-08-20 09:23:34','0:0:0:0:0:0:0:1','top.lishaojun.crm.service.impl.MenuServiceImpl@2947175b:List top.lishaojun.crm.service.IMenuService.queryForMenu()','[]'),(627,NULL,'2019-08-20 09:26:58','0:0:0:0:0:0:0:1','top.lishaojun.crm.service.impl.EmployeeServiceImpl@7561f6c1:Employee top.lishaojun.crm.service.IEmployeeService.getEmployeeForLogin(String,String)','[\"admin\",\"123\"]'),(628,1,'2019-08-20 09:26:58','0:0:0:0:0:0:0:1','top.lishaojun.crm.service.impl.PermissionServiceImpl@3efc87c5:List top.lishaojun.crm.service.IPermissionService.queryResourceByEid(Long)','[1]'),(629,1,'2019-08-20 09:26:58','0:0:0:0:0:0:0:1','top.lishaojun.crm.service.impl.MenuServiceImpl@1335c580:List top.lishaojun.crm.service.IMenuService.queryForMenu()','[]'),(630,1,'2019-08-20 09:27:21','0:0:0:0:0:0:0:1','top.lishaojun.crm.service.impl.DepartmentServiceImpl@726804b6:List top.lishaojun.crm.service.IDepartmentService.queryForEmp()','[]'),(631,1,'2019-08-20 09:27:21','0:0:0:0:0:0:0:1','top.lishaojun.crm.service.impl.RoleServiceImpl@3af7d0a1:List top.lishaojun.crm.service.IRoleService.selectAll()','[]'),(632,1,'2019-08-20 09:27:21','0:0:0:0:0:0:0:1','top.lishaojun.crm.service.impl.EmployeeServiceImpl@7561f6c1:PageResult top.lishaojun.crm.service.IEmployeeService.queryForPage(EmployeeQueryObject)','[{\"page\":1,\"rows\":10,\"keyword\":null,\"start\":0}]'),(633,NULL,'2019-08-20 09:28:01','0:0:0:0:0:0:0:1','top.lishaojun.crm.service.impl.EmployeeServiceImpl@7de708b6:Employee top.lishaojun.crm.service.IEmployeeService.getEmployeeForLogin(String,String)','[\"admin\",\"123\"]'),(634,1,'2019-08-20 09:28:01','0:0:0:0:0:0:0:1','top.lishaojun.crm.service.impl.PermissionServiceImpl@15671bfc:List top.lishaojun.crm.service.IPermissionService.queryResourceByEid(Long)','[1]'),(635,1,'2019-08-20 09:28:01','0:0:0:0:0:0:0:1','top.lishaojun.crm.service.impl.MenuServiceImpl@141a483c:List top.lishaojun.crm.service.IMenuService.queryForMenu()','[]'),(636,NULL,'2019-08-20 09:29:51','0:0:0:0:0:0:0:1','top.lishaojun.crm.service.impl.EmployeeServiceImpl@5a93d307:Employee top.lishaojun.crm.service.IEmployeeService.getEmployeeForLogin(String,String)','[\"admin\",\"123\"]'),(637,1,'2019-08-20 09:29:51','0:0:0:0:0:0:0:1','top.lishaojun.crm.service.impl.PermissionServiceImpl@67a393b6:List top.lishaojun.crm.service.IPermissionService.queryResourceByEid(Long)','[1]'),(638,1,'2019-08-20 09:29:52','0:0:0:0:0:0:0:1','top.lishaojun.crm.service.impl.MenuServiceImpl@40c2a250:List top.lishaojun.crm.service.IMenuService.queryForMenu()','[]'),(639,1,'2019-08-20 09:29:54','0:0:0:0:0:0:0:1','top.lishaojun.crm.service.impl.DepartmentServiceImpl@1d3f0262:List top.lishaojun.crm.service.IDepartmentService.queryForEmp()','[]'),(640,1,'2019-08-20 09:29:54','0:0:0:0:0:0:0:1','top.lishaojun.crm.service.impl.RoleServiceImpl@27c870c6:List top.lishaojun.crm.service.IRoleService.selectAll()','[]'),(641,1,'2019-08-20 09:29:54','0:0:0:0:0:0:0:1','top.lishaojun.crm.service.impl.EmployeeServiceImpl@5a93d307:PageResult top.lishaojun.crm.service.IEmployeeService.queryForPage(EmployeeQueryObject)','[{\"page\":1,\"rows\":10,\"keyword\":null,\"start\":0}]'),(642,NULL,'2019-08-20 09:32:46','0:0:0:0:0:0:0:1','top.lishaojun.crm.service.impl.EmployeeServiceImpl@4af26f1c:Employee top.lishaojun.crm.service.IEmployeeService.getEmployeeForLogin(String,String)','[\"admin\",\"123\"]'),(643,1,'2019-08-20 09:32:46','0:0:0:0:0:0:0:1','top.lishaojun.crm.service.impl.PermissionServiceImpl@676a4e6d:List top.lishaojun.crm.service.IPermissionService.queryResourceByEid(Long)','[1]'),(644,1,'2019-08-20 09:32:47','0:0:0:0:0:0:0:1','top.lishaojun.crm.service.impl.MenuServiceImpl@4fbbe739:List top.lishaojun.crm.service.IMenuService.queryForMenu()','[]'),(645,NULL,'2019-08-20 09:36:10','0:0:0:0:0:0:0:1','top.lishaojun.crm.service.impl.EmployeeServiceImpl@4ad51cef:Employee top.lishaojun.crm.service.IEmployeeService.getEmployeeForLogin(String,String)','[\"admin\",\"123\"]'),(646,1,'2019-08-20 09:36:10','0:0:0:0:0:0:0:1','top.lishaojun.crm.service.impl.PermissionServiceImpl@20c4075b:List top.lishaojun.crm.service.IPermissionService.queryResourceByEid(Long)','[1]'),(647,1,'2019-08-20 09:36:10','0:0:0:0:0:0:0:1','top.lishaojun.crm.service.impl.MenuServiceImpl@1acfdc6e:List top.lishaojun.crm.service.IMenuService.queryForMenu()','[]'),(648,1,'2019-08-20 09:36:12','0:0:0:0:0:0:0:1','top.lishaojun.crm.service.impl.DepartmentServiceImpl@66135d6d:List top.lishaojun.crm.service.IDepartmentService.queryForEmp()','[]'),(649,1,'2019-08-20 09:36:12','0:0:0:0:0:0:0:1','top.lishaojun.crm.service.impl.RoleServiceImpl@1ba40655:List top.lishaojun.crm.service.IRoleService.selectAll()','[]'),(650,1,'2019-08-20 09:36:12','0:0:0:0:0:0:0:1','top.lishaojun.crm.service.impl.EmployeeServiceImpl@4ad51cef:PageResult top.lishaojun.crm.service.IEmployeeService.queryForPage(EmployeeQueryObject)','[{\"page\":1,\"rows\":10,\"keyword\":null,\"start\":0}]'),(651,NULL,'2019-08-20 09:38:13','0:0:0:0:0:0:0:1','top.lishaojun.crm.service.impl.EmployeeServiceImpl@3ac794dc:Employee top.lishaojun.crm.service.IEmployeeService.getEmployeeForLogin(String,String)','[\"admin\",\"123\"]'),(652,1,'2019-08-20 09:38:13','0:0:0:0:0:0:0:1','top.lishaojun.crm.service.impl.PermissionServiceImpl@d823142:List top.lishaojun.crm.service.IPermissionService.queryResourceByEid(Long)','[1]'),(653,1,'2019-08-20 09:38:13','0:0:0:0:0:0:0:1','top.lishaojun.crm.service.impl.MenuServiceImpl@1563e2c9:List top.lishaojun.crm.service.IMenuService.queryForMenu()','[]'),(654,1,'2019-08-20 09:38:16','0:0:0:0:0:0:0:1','top.lishaojun.crm.service.impl.DepartmentServiceImpl@525d515f:List top.lishaojun.crm.service.IDepartmentService.queryForEmp()','[]'),(655,1,'2019-08-20 09:38:16','0:0:0:0:0:0:0:1','top.lishaojun.crm.service.impl.RoleServiceImpl@386650bf:List top.lishaojun.crm.service.IRoleService.selectAll()','[]'),(656,1,'2019-08-20 09:38:16','0:0:0:0:0:0:0:1','top.lishaojun.crm.service.impl.EmployeeServiceImpl@3ac794dc:PageResult top.lishaojun.crm.service.IEmployeeService.queryForPage(EmployeeQueryObject)','[{\"page\":1,\"rows\":10,\"keyword\":null,\"start\":0}]'),(657,NULL,'2019-08-20 09:40:14','0:0:0:0:0:0:0:1','top.lishaojun.crm.service.impl.EmployeeServiceImpl@72328953:Employee top.lishaojun.crm.service.IEmployeeService.getEmployeeForLogin(String,String)','[\"admin\",\"123\"]'),(658,1,'2019-08-20 09:40:14','0:0:0:0:0:0:0:1','top.lishaojun.crm.service.impl.PermissionServiceImpl@76be202a:List top.lishaojun.crm.service.IPermissionService.queryResourceByEid(Long)','[1]'),(659,1,'2019-08-20 09:40:14','0:0:0:0:0:0:0:1','top.lishaojun.crm.service.impl.MenuServiceImpl@75f26344:List top.lishaojun.crm.service.IMenuService.queryForMenu()','[]'),(660,1,'2019-08-20 09:40:16','0:0:0:0:0:0:0:1','top.lishaojun.crm.service.impl.DepartmentServiceImpl@1ef0ff2d:List top.lishaojun.crm.service.IDepartmentService.queryForEmp()','[]'),(661,1,'2019-08-20 09:40:16','0:0:0:0:0:0:0:1','top.lishaojun.crm.service.impl.RoleServiceImpl@4756898d:List top.lishaojun.crm.service.IRoleService.selectAll()','[]'),(662,1,'2019-08-20 09:40:17','0:0:0:0:0:0:0:1','top.lishaojun.crm.service.impl.EmployeeServiceImpl@72328953:PageResult top.lishaojun.crm.service.IEmployeeService.queryForPage(EmployeeQueryObject)','[{\"page\":1,\"rows\":10,\"keyword\":null,\"start\":0}]'),(663,NULL,'2019-08-20 09:42:33','0:0:0:0:0:0:0:1','top.lishaojun.crm.service.impl.EmployeeServiceImpl@339ba2b7:Employee top.lishaojun.crm.service.IEmployeeService.getEmployeeForLogin(String,String)','[\"admin\",\"123\"]'),(664,1,'2019-08-20 09:42:33','0:0:0:0:0:0:0:1','top.lishaojun.crm.service.impl.PermissionServiceImpl@2a5bd652:List top.lishaojun.crm.service.IPermissionService.queryResourceByEid(Long)','[1]'),(665,1,'2019-08-20 09:42:33','0:0:0:0:0:0:0:1','top.lishaojun.crm.service.impl.MenuServiceImpl@55c347d0:List top.lishaojun.crm.service.IMenuService.queryForMenu()','[]'),(666,1,'2019-08-20 09:42:34','0:0:0:0:0:0:0:1','top.lishaojun.crm.service.impl.DepartmentServiceImpl@545e4c01:List top.lishaojun.crm.service.IDepartmentService.queryForEmp()','[]'),(667,1,'2019-08-20 09:42:34','0:0:0:0:0:0:0:1','top.lishaojun.crm.service.impl.RoleServiceImpl@2fca5157:List top.lishaojun.crm.service.IRoleService.selectAll()','[]'),(668,1,'2019-08-20 09:42:34','0:0:0:0:0:0:0:1','top.lishaojun.crm.service.impl.EmployeeServiceImpl@339ba2b7:PageResult top.lishaojun.crm.service.IEmployeeService.queryForPage(EmployeeQueryObject)','[{\"page\":1,\"rows\":10,\"keyword\":null,\"start\":0}]'),(669,1,'2019-08-20 09:42:36','0:0:0:0:0:0:0:1','top.lishaojun.crm.service.impl.DepartmentServiceImpl@545e4c01:PageResult top.lishaojun.crm.service.IDepartmentService.queryForPage(DepartmentQueryObject)','[{\"page\":1,\"rows\":10,\"keyword\":null,\"start\":0}]'),(670,1,'2019-08-20 09:42:37','0:0:0:0:0:0:0:1','top.lishaojun.crm.service.impl.RoleServiceImpl@2fca5157:PageResult top.lishaojun.crm.service.IRoleService.queryForPage(QueryObject)','[{\"page\":1,\"rows\":10,\"keyword\":null,\"start\":0}]'),(671,1,'2019-08-20 09:42:37','0:0:0:0:0:0:0:1','top.lishaojun.crm.service.impl.PermissionServiceImpl@2a5bd652:PageResult top.lishaojun.crm.service.IPermissionService.queryForPage(QueryObject)','[{\"page\":1,\"rows\":10,\"rid\":null,\"start\":0}]'),(672,NULL,'2019-08-20 10:15:58','0:0:0:0:0:0:0:1','top.lishaojun.crm.service.impl.EmployeeServiceImpl@60788a94:Employee top.lishaojun.crm.service.IEmployeeService.getEmployeeForLogin(String,String)','[\"admin\",\"123\"]'),(673,1,'2019-08-20 10:15:58','0:0:0:0:0:0:0:1','top.lishaojun.crm.service.impl.PermissionServiceImpl@3f65de21:List top.lishaojun.crm.service.IPermissionService.queryResourceByEid(Long)','[1]'),(674,1,'2019-08-20 10:15:58','0:0:0:0:0:0:0:1','top.lishaojun.crm.service.impl.MenuServiceImpl@4ed0d483:List top.lishaojun.crm.service.IMenuService.queryForMenu()','[]'),(675,1,'2019-08-20 10:16:01','0:0:0:0:0:0:0:1','top.lishaojun.crm.service.impl.DepartmentServiceImpl@2fbd1d33:List top.lishaojun.crm.service.IDepartmentService.queryForEmp()','[]'),(676,1,'2019-08-20 10:16:01','0:0:0:0:0:0:0:1','top.lishaojun.crm.service.impl.RoleServiceImpl@2bf88508:List top.lishaojun.crm.service.IRoleService.selectAll()','[]'),(677,1,'2019-08-20 10:16:01','0:0:0:0:0:0:0:1','top.lishaojun.crm.service.impl.EmployeeServiceImpl@60788a94:PageResult top.lishaojun.crm.service.IEmployeeService.queryForPage(EmployeeQueryObject)','[{\"page\":1,\"rows\":10,\"keyword\":null,\"start\":0}]'),(678,1,'2019-08-20 10:17:19','0:0:0:0:0:0:0:1','top.lishaojun.crm.service.impl.DepartmentServiceImpl@2fbd1d33:List top.lishaojun.crm.service.IDepartmentService.queryForEmp()','[]'),(679,1,'2019-08-20 10:17:19','0:0:0:0:0:0:0:1','top.lishaojun.crm.service.impl.RoleServiceImpl@2bf88508:List top.lishaojun.crm.service.IRoleService.selectAll()','[]'),(680,1,'2019-08-20 10:17:19','0:0:0:0:0:0:0:1','top.lishaojun.crm.service.impl.EmployeeServiceImpl@60788a94:PageResult top.lishaojun.crm.service.IEmployeeService.queryForPage(EmployeeQueryObject)','[{\"page\":1,\"rows\":10,\"keyword\":null,\"start\":0}]'),(681,1,'2019-08-20 10:17:27','0:0:0:0:0:0:0:1','top.lishaojun.crm.service.impl.RoleServiceImpl@2bf88508:PageResult top.lishaojun.crm.service.IRoleService.queryForPage(QueryObject)','[{\"page\":1,\"rows\":10,\"keyword\":null,\"start\":0}]'),(682,1,'2019-08-20 10:17:27','0:0:0:0:0:0:0:1','top.lishaojun.crm.service.impl.PermissionServiceImpl@3f65de21:PageResult top.lishaojun.crm.service.IPermissionService.queryForPage(QueryObject)','[{\"page\":1,\"rows\":10,\"rid\":null,\"start\":0}]'),(683,1,'2019-08-20 10:17:31','0:0:0:0:0:0:0:1','top.lishaojun.crm.service.impl.PermissionServiceImpl@3f65de21:PageResult top.lishaojun.crm.service.IPermissionService.queryForPage(QueryObject)','[{\"page\":1,\"rows\":10,\"rid\":7,\"start\":0}]'),(684,1,'2019-08-20 10:18:04','0:0:0:0:0:0:0:1','top.lishaojun.crm.service.impl.RoleServiceImpl@2bf88508:PageResult top.lishaojun.crm.service.IRoleService.queryForPage(QueryObject)','[{\"page\":1,\"rows\":1,\"keyword\":null,\"start\":0}]'),(685,1,'2019-08-20 10:18:06','0:0:0:0:0:0:0:1','top.lishaojun.crm.service.impl.RoleServiceImpl@2bf88508:PageResult top.lishaojun.crm.service.IRoleService.queryForPage(QueryObject)','[{\"page\":2,\"rows\":1,\"keyword\":null,\"start\":1}]'),(686,1,'2019-08-20 10:18:06','0:0:0:0:0:0:0:1','top.lishaojun.crm.service.impl.RoleServiceImpl@2bf88508:PageResult top.lishaojun.crm.service.IRoleService.queryForPage(QueryObject)','[{\"page\":3,\"rows\":1,\"keyword\":null,\"start\":2}]'),(687,1,'2019-08-20 10:18:09','0:0:0:0:0:0:0:1','top.lishaojun.crm.service.impl.RoleServiceImpl@2bf88508:PageResult top.lishaojun.crm.service.IRoleService.queryForPage(QueryObject)','[{\"page\":2,\"rows\":1,\"keyword\":null,\"start\":1}]'),(688,1,'2019-08-20 10:18:09','0:0:0:0:0:0:0:1','top.lishaojun.crm.service.impl.RoleServiceImpl@2bf88508:PageResult top.lishaojun.crm.service.IRoleService.queryForPage(QueryObject)','[{\"page\":1,\"rows\":1,\"keyword\":null,\"start\":0}]'),(689,1,'2019-08-20 10:18:13','0:0:0:0:0:0:0:1','top.lishaojun.crm.service.impl.DepartmentServiceImpl@2fbd1d33:PageResult top.lishaojun.crm.service.IDepartmentService.queryForPage(DepartmentQueryObject)','[{\"page\":1,\"rows\":10,\"keyword\":null,\"start\":0}]'),(691,NULL,'2019-08-20 10:21:03','0:0:0:0:0:0:0:1','top.lishaojun.crm.service.impl.EmployeeServiceImpl@4c78a8ba:Employee top.lishaojun.crm.service.IEmployeeService.getEmployeeForLogin(String,String)','[\"admin\",\"123\"]'),(692,1,'2019-08-20 10:21:03','0:0:0:0:0:0:0:1','top.lishaojun.crm.service.impl.PermissionServiceImpl@5da5ffa9:List top.lishaojun.crm.service.IPermissionService.queryResourceByEid(Long)','[1]'),(693,1,'2019-08-20 10:21:03','0:0:0:0:0:0:0:1','top.lishaojun.crm.service.impl.MenuServiceImpl@6af3c6c8:List top.lishaojun.crm.service.IMenuService.queryForMenu()','[]'),(694,1,'2019-08-20 10:21:05','0:0:0:0:0:0:0:1','top.lishaojun.crm.service.impl.RoleServiceImpl@7827442c:PageResult top.lishaojun.crm.service.IRoleService.queryForPage(QueryObject)','[{\"page\":1,\"rows\":10,\"keyword\":null,\"start\":0}]'),(695,1,'2019-08-20 10:21:05','0:0:0:0:0:0:0:1','top.lishaojun.crm.service.impl.PermissionServiceImpl@5da5ffa9:PageResult top.lishaojun.crm.service.IPermissionService.queryForPage(QueryObject)','[{\"page\":1,\"rows\":10,\"rid\":null,\"start\":0}]'),(696,1,'2019-08-20 10:21:06','0:0:0:0:0:0:0:1','top.lishaojun.crm.service.impl.DepartmentServiceImpl@10a2fc26:PageResult top.lishaojun.crm.service.IDepartmentService.queryForPage(DepartmentQueryObject)','[{\"page\":1,\"rows\":10,\"keyword\":null,\"start\":0}]'),(697,NULL,'2019-08-20 10:22:25','0:0:0:0:0:0:0:1','top.lishaojun.crm.service.impl.EmployeeServiceImpl@465e00ab:Employee top.lishaojun.crm.service.IEmployeeService.getEmployeeForLogin(String,String)','[\"admin\",\"123\"]'),(698,1,'2019-08-20 10:22:25','0:0:0:0:0:0:0:1','top.lishaojun.crm.service.impl.PermissionServiceImpl@25e14309:List top.lishaojun.crm.service.IPermissionService.queryResourceByEid(Long)','[1]'),(699,1,'2019-08-20 10:22:25','0:0:0:0:0:0:0:1','top.lishaojun.crm.service.impl.MenuServiceImpl@2a496f5:List top.lishaojun.crm.service.IMenuService.queryForMenu()','[]'),(700,1,'2019-08-20 10:22:28','0:0:0:0:0:0:0:1','top.lishaojun.crm.service.impl.DepartmentServiceImpl@374765b5:PageResult top.lishaojun.crm.service.IDepartmentService.queryForPage(DepartmentQueryObject)','[{\"page\":1,\"rows\":10,\"keyword\":null,\"start\":0}]'),(701,1,'2019-08-20 10:22:34','0:0:0:0:0:0:0:1','top.lishaojun.crm.service.impl.DepartmentServiceImpl@374765b5:PageResult top.lishaojun.crm.service.IDepartmentService.queryForPage(DepartmentQueryObject)','[{\"page\":1,\"rows\":10,\"keyword\":null,\"start\":0}]'),(702,1,'2019-08-20 10:22:45','0:0:0:0:0:0:0:1','top.lishaojun.crm.service.impl.DepartmentServiceImpl@374765b5:PageResult top.lishaojun.crm.service.IDepartmentService.queryForPage(DepartmentQueryObject)','[{\"page\":1,\"rows\":10,\"keyword\":\"\",\"start\":0}]'),(705,NULL,'2019-08-20 10:23:58','0:0:0:0:0:0:0:1','top.lishaojun.crm.service.impl.EmployeeServiceImpl@76fa1da0:Employee top.lishaojun.crm.service.IEmployeeService.getEmployeeForLogin(String,String)','[\"admin\",\"123\"]'),(706,1,'2019-08-20 10:23:58','0:0:0:0:0:0:0:1','top.lishaojun.crm.service.impl.PermissionServiceImpl@6ae451cf:List top.lishaojun.crm.service.IPermissionService.queryResourceByEid(Long)','[1]'),(707,1,'2019-08-20 10:23:58','0:0:0:0:0:0:0:1','top.lishaojun.crm.service.impl.MenuServiceImpl@432fa5a9:List top.lishaojun.crm.service.IMenuService.queryForMenu()','[]'),(708,1,'2019-08-20 10:24:00','0:0:0:0:0:0:0:1','top.lishaojun.crm.service.impl.DepartmentServiceImpl@283d6caf:PageResult top.lishaojun.crm.service.IDepartmentService.queryForPage(DepartmentQueryObject)','[{\"page\":1,\"rows\":10,\"keyword\":null,\"start\":0}]'),(710,1,'2019-08-20 10:27:51','0:0:0:0:0:0:0:1','top.lishaojun.crm.service.impl.DepartmentServiceImpl@283d6caf:int top.lishaojun.crm.service.IDepartmentService.insert(Department)','[{\"id\":3,\"sn\":\"business\",\"name\":\"业务部\",\"manager\":null,\"parent\":null,\"state\":null}]'),(711,1,'2019-08-20 10:27:53','0:0:0:0:0:0:0:1','top.lishaojun.crm.service.impl.DepartmentServiceImpl@283d6caf:PageResult top.lishaojun.crm.service.IDepartmentService.queryForPage(DepartmentQueryObject)','[{\"page\":1,\"rows\":10,\"keyword\":null,\"start\":0}]'),(712,1,'2019-08-20 10:29:25','0:0:0:0:0:0:0:1','top.lishaojun.crm.service.impl.DepartmentServiceImpl@283d6caf:PageResult top.lishaojun.crm.service.IDepartmentService.queryForPage(DepartmentQueryObject)','[{\"page\":1,\"rows\":10,\"keyword\":null,\"start\":0}]'),(713,NULL,'2019-08-20 10:29:40','0:0:0:0:0:0:0:1','top.lishaojun.crm.service.impl.EmployeeServiceImpl@5a93d307:Employee top.lishaojun.crm.service.IEmployeeService.getEmployeeForLogin(String,String)','[\"admin\",\"123\"]'),(714,1,'2019-08-20 10:29:40','0:0:0:0:0:0:0:1','top.lishaojun.crm.service.impl.PermissionServiceImpl@67a393b6:List top.lishaojun.crm.service.IPermissionService.queryResourceByEid(Long)','[1]'),(715,1,'2019-08-20 10:29:41','0:0:0:0:0:0:0:1','top.lishaojun.crm.service.impl.MenuServiceImpl@40c2a250:List top.lishaojun.crm.service.IMenuService.queryForMenu()','[]'),(716,1,'2019-08-20 10:29:42','0:0:0:0:0:0:0:1','top.lishaojun.crm.service.impl.DepartmentServiceImpl@75ba402a:PageResult top.lishaojun.crm.service.IDepartmentService.queryForPage(DepartmentQueryObject)','[{\"page\":1,\"rows\":10,\"keyword\":null,\"start\":0}]'),(717,NULL,'2019-08-20 10:30:50','0:0:0:0:0:0:0:1','top.lishaojun.crm.service.impl.EmployeeServiceImpl@5a93d307:Employee top.lishaojun.crm.service.IEmployeeService.getEmployeeForLogin(String,String)','[\"admin\",\"123\"]'),(718,1,'2019-08-20 10:30:50','0:0:0:0:0:0:0:1','top.lishaojun.crm.service.impl.PermissionServiceImpl@67a393b6:List top.lishaojun.crm.service.IPermissionService.queryResourceByEid(Long)','[1]'),(719,1,'2019-08-20 10:30:50','0:0:0:0:0:0:0:1','top.lishaojun.crm.service.impl.MenuServiceImpl@40c2a250:List top.lishaojun.crm.service.IMenuService.queryForMenu()','[]'),(720,1,'2019-08-20 10:30:52','0:0:0:0:0:0:0:1','top.lishaojun.crm.service.impl.DepartmentServiceImpl@75ba402a:PageResult top.lishaojun.crm.service.IDepartmentService.queryForPage(DepartmentQueryObject)','[{\"page\":1,\"rows\":10,\"keyword\":null,\"start\":0}]'),(721,1,'2019-08-20 10:31:01','0:0:0:0:0:0:0:1','top.lishaojun.crm.service.impl.DepartmentServiceImpl@75ba402a:int top.lishaojun.crm.service.IDepartmentService.updateByPrimaryKey(Department)','[{\"id\":3,\"sn\":\"business\",\"name\":\"业务\",\"manager\":null,\"parent\":null,\"state\":null}]'),(722,1,'2019-08-20 10:31:03','0:0:0:0:0:0:0:1','top.lishaojun.crm.service.impl.DepartmentServiceImpl@75ba402a:PageResult top.lishaojun.crm.service.IDepartmentService.queryForPage(DepartmentQueryObject)','[{\"page\":1,\"rows\":10,\"keyword\":null,\"start\":0}]'),(723,1,'2019-08-20 10:31:12','0:0:0:0:0:0:0:1','top.lishaojun.crm.service.impl.DepartmentServiceImpl@75ba402a:PageResult top.lishaojun.crm.service.IDepartmentService.queryForPage(DepartmentQueryObject)','[{\"page\":1,\"rows\":10,\"keyword\":null,\"start\":0}]'),(724,NULL,'2019-08-20 10:32:19','0:0:0:0:0:0:0:1','top.lishaojun.crm.service.impl.EmployeeServiceImpl@1835be16:Employee top.lishaojun.crm.service.IEmployeeService.getEmployeeForLogin(String,String)','[\"admin\",\"123\"]'),(725,1,'2019-08-20 10:32:19','0:0:0:0:0:0:0:1','top.lishaojun.crm.service.impl.PermissionServiceImpl@25dc2e1d:List top.lishaojun.crm.service.IPermissionService.queryResourceByEid(Long)','[1]'),(726,1,'2019-08-20 10:32:19','0:0:0:0:0:0:0:1','top.lishaojun.crm.service.impl.MenuServiceImpl@468ef56a:List top.lishaojun.crm.service.IMenuService.queryForMenu()','[]'),(727,1,'2019-08-20 10:32:21','0:0:0:0:0:0:0:1','top.lishaojun.crm.service.impl.DepartmentServiceImpl@45b10ad9:PageResult top.lishaojun.crm.service.IDepartmentService.queryForPage(DepartmentQueryObject)','[{\"page\":1,\"rows\":10,\"keyword\":null,\"start\":0}]'),(728,1,'2019-08-20 10:32:28','0:0:0:0:0:0:0:1','top.lishaojun.crm.service.impl.DepartmentServiceImpl@45b10ad9:int top.lishaojun.crm.service.IDepartmentService.updateByPrimaryKey(Department)','[{\"id\":1,\"sn\":\"bos\",\"name\":\"总经办\",\"manager\":null,\"parent\":null,\"state\":null}]'),(729,1,'2019-08-20 10:32:29','0:0:0:0:0:0:0:1','top.lishaojun.crm.service.impl.DepartmentServiceImpl@45b10ad9:PageResult top.lishaojun.crm.service.IDepartmentService.queryForPage(DepartmentQueryObject)','[{\"page\":1,\"rows\":10,\"keyword\":null,\"start\":0}]'),(730,1,'2019-08-20 10:32:34','0:0:0:0:0:0:0:1','top.lishaojun.crm.service.impl.DepartmentServiceImpl@45b10ad9:int top.lishaojun.crm.service.IDepartmentService.updateState(Long)','[2]'),(731,1,'2019-08-20 10:32:35','0:0:0:0:0:0:0:1','top.lishaojun.crm.service.impl.DepartmentServiceImpl@45b10ad9:PageResult top.lishaojun.crm.service.IDepartmentService.queryForPage(DepartmentQueryObject)','[{\"page\":1,\"rows\":10,\"keyword\":null,\"start\":0}]'),(732,1,'2019-08-20 10:32:37','0:0:0:0:0:0:0:1','top.lishaojun.crm.service.impl.DepartmentServiceImpl@45b10ad9:PageResult top.lishaojun.crm.service.IDepartmentService.queryForPage(DepartmentQueryObject)','[{\"page\":1,\"rows\":10,\"keyword\":null,\"start\":0}]'),(733,1,'2019-08-20 10:32:40','0:0:0:0:0:0:0:1','top.lishaojun.crm.service.impl.DepartmentServiceImpl@45b10ad9:PageResult top.lishaojun.crm.service.IDepartmentService.queryForPage(DepartmentQueryObject)','[{\"page\":1,\"rows\":10,\"keyword\":\"boss\",\"start\":0}]'),(734,1,'2019-08-20 10:32:43','0:0:0:0:0:0:0:1','top.lishaojun.crm.service.impl.RoleServiceImpl@6a715301:PageResult top.lishaojun.crm.service.IRoleService.queryForPage(QueryObject)','[{\"page\":1,\"rows\":10,\"keyword\":null,\"start\":0}]'),(735,1,'2019-08-20 10:32:43','0:0:0:0:0:0:0:1','top.lishaojun.crm.service.impl.PermissionServiceImpl@25dc2e1d:PageResult top.lishaojun.crm.service.IPermissionService.queryForPage(QueryObject)','[{\"page\":1,\"rows\":10,\"rid\":null,\"start\":0}]'),(736,1,'2019-08-20 10:32:55','0:0:0:0:0:0:0:1','top.lishaojun.crm.service.impl.PermissionServiceImpl@25dc2e1d:PageResult top.lishaojun.crm.service.IPermissionService.queryForPage(QueryObject)','[{\"page\":1,\"rows\":10,\"rid\":7,\"start\":0}]'),(737,1,'2019-08-20 10:33:02','0:0:0:0:0:0:0:1','top.lishaojun.crm.service.impl.RoleServiceImpl@6a715301:PageResult top.lishaojun.crm.service.IRoleService.queryForPage(QueryObject)','[{\"page\":1,\"rows\":10,\"keyword\":null,\"start\":0}]'),(738,1,'2019-08-20 10:33:10','0:0:0:0:0:0:0:1','top.lishaojun.crm.service.impl.RoleServiceImpl@6a715301:PageResult top.lishaojun.crm.service.IRoleService.queryForPage(QueryObject)','[{\"page\":1,\"rows\":10,\"keyword\":null,\"start\":0}]'),(739,1,'2019-08-20 10:33:11','0:0:0:0:0:0:0:1','top.lishaojun.crm.service.impl.DepartmentServiceImpl@45b10ad9:List top.lishaojun.crm.service.IDepartmentService.queryForEmp()','[]'),(740,1,'2019-08-20 10:33:11','0:0:0:0:0:0:0:1','top.lishaojun.crm.service.impl.RoleServiceImpl@6a715301:List top.lishaojun.crm.service.IRoleService.selectAll()','[]'),(741,1,'2019-08-20 10:33:11','0:0:0:0:0:0:0:1','top.lishaojun.crm.service.impl.EmployeeServiceImpl@1835be16:PageResult top.lishaojun.crm.service.IEmployeeService.queryForPage(EmployeeQueryObject)','[{\"page\":1,\"rows\":10,\"keyword\":null,\"start\":0}]'),(742,NULL,'2019-08-20 10:46:53','0:0:0:0:0:0:0:1','top.lishaojun.crm.service.impl.EmployeeServiceImpl@b56959a:Employee top.lishaojun.crm.service.IEmployeeService.getEmployeeForLogin(String,String)','[\"admin\",\"123\"]'),(743,1,'2019-08-20 10:46:54','0:0:0:0:0:0:0:1','top.lishaojun.crm.service.impl.PermissionServiceImpl@4ccbba54:List top.lishaojun.crm.service.IPermissionService.queryResourceByEid(Long)','[1]'),(744,1,'2019-08-20 10:46:54','0:0:0:0:0:0:0:1','top.lishaojun.crm.service.impl.MenuServiceImpl@4b9de1f1:List top.lishaojun.crm.service.IMenuService.queryForMenu()','[]'),(745,1,'2019-08-20 10:46:56','0:0:0:0:0:0:0:1','top.lishaojun.crm.service.impl.RoleServiceImpl@270ed41a:PageResult top.lishaojun.crm.service.IRoleService.queryForPage(QueryObject)','[{\"page\":1,\"rows\":10,\"keyword\":null,\"start\":0}]'),(746,1,'2019-08-20 10:46:56','0:0:0:0:0:0:0:1','top.lishaojun.crm.service.impl.PermissionServiceImpl@4ccbba54:PageResult top.lishaojun.crm.service.IPermissionService.queryForPage(QueryObject)','[{\"page\":1,\"rows\":10,\"rid\":null,\"start\":0}]'),(747,1,'2019-08-20 10:46:59','0:0:0:0:0:0:0:1','top.lishaojun.crm.service.impl.PermissionServiceImpl@4ccbba54:PageResult top.lishaojun.crm.service.IPermissionService.queryForPage(QueryObject)','[{\"page\":1,\"rows\":10,\"rid\":6,\"start\":0}]'),(748,1,'2019-08-20 10:47:02','0:0:0:0:0:0:0:1','top.lishaojun.crm.service.impl.RoleServiceImpl@270ed41a:int top.lishaojun.crm.service.IRoleService.updateByPrimaryKey(Role)','[{\"id\":6,\"name\":\"超级管理员\",\"sn\":\"001\",\"permissions\":[{\"id\":1,\"name\":null,\"resource\":null},{\"id\":2,\"name\":null,\"resource\":null},{\"id\":3,\"name\":null,\"resource\":null},{\"id\":4,\"name\":null,\"resource\":null},{\"id\":5,\"name\":null,\"resource\":null},{\"id\":6,\"name\":null,\"resource\":null},{\"id\":7,\"name\":null,\"resource\":null}]}]'),(749,1,'2019-08-20 10:47:04','0:0:0:0:0:0:0:1','top.lishaojun.crm.service.impl.RoleServiceImpl@270ed41a:PageResult top.lishaojun.crm.service.IRoleService.queryForPage(QueryObject)','[{\"page\":1,\"rows\":10,\"keyword\":null,\"start\":0}]'),(750,1,'2019-08-20 10:47:13','0:0:0:0:0:0:0:1','top.lishaojun.crm.service.impl.EmployeeServiceImpl@b56959a:Employee top.lishaojun.crm.service.IEmployeeService.getEmployeeForLogin(String,String)','[\"admin\",\"123\"]'),(751,1,'2019-08-20 10:47:13','0:0:0:0:0:0:0:1','top.lishaojun.crm.service.impl.PermissionServiceImpl@4ccbba54:List top.lishaojun.crm.service.IPermissionService.queryResourceByEid(Long)','[1]'),(752,1,'2019-08-20 10:47:13','0:0:0:0:0:0:0:1','top.lishaojun.crm.service.impl.MenuServiceImpl@4b9de1f1:List top.lishaojun.crm.service.IMenuService.queryForMenu()','[]'),(753,1,'2019-08-20 10:47:26','0:0:0:0:0:0:0:1','top.lishaojun.crm.service.impl.RoleServiceImpl@270ed41a:PageResult top.lishaojun.crm.service.IRoleService.queryForPage(QueryObject)','[{\"page\":1,\"rows\":10,\"keyword\":null,\"start\":0}]'),(754,1,'2019-08-20 10:47:26','0:0:0:0:0:0:0:1','top.lishaojun.crm.service.impl.PermissionServiceImpl@4ccbba54:PageResult top.lishaojun.crm.service.IPermissionService.queryForPage(QueryObject)','[{\"page\":1,\"rows\":10,\"rid\":null,\"start\":0}]'),(755,1,'2019-08-20 10:47:28','0:0:0:0:0:0:0:1','top.lishaojun.crm.service.impl.PermissionServiceImpl@4ccbba54:PageResult top.lishaojun.crm.service.IPermissionService.queryForPage(QueryObject)','[{\"page\":1,\"rows\":10,\"rid\":6,\"start\":0}]'),(756,1,'2019-08-20 10:47:34','0:0:0:0:0:0:0:1','top.lishaojun.crm.service.impl.DepartmentServiceImpl@7a680c91:List top.lishaojun.crm.service.IDepartmentService.queryForEmp()','[]'),(757,1,'2019-08-20 10:47:34','0:0:0:0:0:0:0:1','top.lishaojun.crm.service.impl.RoleServiceImpl@270ed41a:List top.lishaojun.crm.service.IRoleService.selectAll()','[]'),(758,1,'2019-08-20 10:47:34','0:0:0:0:0:0:0:1','top.lishaojun.crm.service.impl.EmployeeServiceImpl@b56959a:PageResult top.lishaojun.crm.service.IEmployeeService.queryForPage(EmployeeQueryObject)','[{\"page\":1,\"rows\":10,\"keyword\":null,\"start\":0}]'),(759,1,'2019-08-20 10:47:36','0:0:0:0:0:0:0:1','top.lishaojun.crm.service.impl.DepartmentServiceImpl@7a680c91:PageResult top.lishaojun.crm.service.IDepartmentService.queryForPage(DepartmentQueryObject)','[{\"page\":1,\"rows\":10,\"keyword\":null,\"start\":0}]'),(760,1,'2019-08-20 10:47:47','0:0:0:0:0:0:0:1','top.lishaojun.crm.service.impl.PermissionServiceImpl@4ccbba54:PageResult top.lishaojun.crm.service.IPermissionService.queryForPage(QueryObject)','[{\"page\":1,\"rows\":10,\"rid\":7,\"start\":0}]'),(761,1,'2019-08-20 10:48:00','0:0:0:0:0:0:0:1','top.lishaojun.crm.service.impl.RoleServiceImpl@270ed41a:int top.lishaojun.crm.service.IRoleService.updateByPrimaryKey(Role)','[{\"id\":7,\"name\":\"普通管理员\",\"sn\":\"002\",\"permissions\":[{\"id\":1,\"name\":null,\"resource\":null},{\"id\":2,\"name\":null,\"resource\":null},{\"id\":5,\"name\":null,\"resource\":null},{\"id\":6,\"name\":null,\"resource\":null},{\"id\":7,\"name\":null,\"resource\":null},{\"id\":4,\"name\":null,\"resource\":null}]}]'),(762,1,'2019-08-20 10:48:02','0:0:0:0:0:0:0:1','top.lishaojun.crm.service.impl.RoleServiceImpl@270ed41a:PageResult top.lishaojun.crm.service.IRoleService.queryForPage(QueryObject)','[{\"page\":1,\"rows\":10,\"keyword\":null,\"start\":0}]'),(763,1,'2019-08-20 10:48:27','0:0:0:0:0:0:0:1','top.lishaojun.crm.service.impl.EmployeeServiceImpl@b56959a:Employee top.lishaojun.crm.service.IEmployeeService.getEmployeeForLogin(String,String)','[\"test\",\"123\"]'),(764,2,'2019-08-20 10:48:27','0:0:0:0:0:0:0:1','top.lishaojun.crm.service.impl.PermissionServiceImpl@4ccbba54:List top.lishaojun.crm.service.IPermissionService.queryResourceByEid(Long)','[2]'),(765,2,'2019-08-20 10:48:51','0:0:0:0:0:0:0:1','top.lishaojun.crm.service.impl.MenuServiceImpl@4b9de1f1:List top.lishaojun.crm.service.IMenuService.queryForMenu()','[]'),(766,NULL,'2019-08-20 10:49:29','0:0:0:0:0:0:0:1','top.lishaojun.crm.service.impl.EmployeeServiceImpl@20603e57:Employee top.lishaojun.crm.service.IEmployeeService.getEmployeeForLogin(String,String)','[\"test\",\"123\"]'),(767,2,'2019-08-20 10:49:29','0:0:0:0:0:0:0:1','top.lishaojun.crm.service.impl.PermissionServiceImpl@41880d8e:List top.lishaojun.crm.service.IPermissionService.queryResourceByEid(Long)','[2]'),(768,2,'2019-08-20 10:49:33','0:0:0:0:0:0:0:1','top.lishaojun.crm.service.impl.MenuServiceImpl@2d62d465:List top.lishaojun.crm.service.IMenuService.queryForMenu()','[]'),(769,NULL,'2019-08-20 10:51:33','0:0:0:0:0:0:0:1','top.lishaojun.crm.service.impl.EmployeeServiceImpl@20603e57:Employee top.lishaojun.crm.service.IEmployeeService.getEmployeeForLogin(String,String)','[\"test\",\"123\"]'),(770,2,'2019-08-20 10:51:33','0:0:0:0:0:0:0:1','top.lishaojun.crm.service.impl.PermissionServiceImpl@41880d8e:List top.lishaojun.crm.service.IPermissionService.queryResourceByEid(Long)','[2]'),(771,2,'2019-08-20 10:51:33','0:0:0:0:0:0:0:1','top.lishaojun.crm.service.impl.MenuServiceImpl@2d62d465:List top.lishaojun.crm.service.IMenuService.queryForMenu()','[]'),(772,2,'2019-08-20 10:51:33','0:0:0:0:0:0:0:1','top.lishaojun.crm.service.impl.PermissionServiceImpl@41880d8e:List top.lishaojun.crm.service.IPermissionService.selectAll()','[]'),(773,2,'2019-08-20 10:52:02','0:0:0:0:0:0:0:1','top.lishaojun.crm.service.impl.EmployeeServiceImpl@20603e57:Employee top.lishaojun.crm.service.IEmployeeService.getEmployeeForLogin(String,String)','[\"test\",\"123\"]'),(774,2,'2019-08-20 10:52:02','0:0:0:0:0:0:0:1','top.lishaojun.crm.service.impl.PermissionServiceImpl@41880d8e:List top.lishaojun.crm.service.IPermissionService.queryResourceByEid(Long)','[2]'),(775,2,'2019-08-20 10:52:02','0:0:0:0:0:0:0:1','top.lishaojun.crm.service.impl.MenuServiceImpl@2d62d465:List top.lishaojun.crm.service.IMenuService.queryForMenu()','[]'),(776,2,'2019-08-20 10:52:05','0:0:0:0:0:0:0:1','top.lishaojun.crm.service.impl.PermissionServiceImpl@41880d8e:PageResult top.lishaojun.crm.service.IPermissionService.queryForPage(QueryObject)','[{\"page\":1,\"rows\":10,\"rid\":null,\"start\":0}]'),(777,2,'2019-08-20 10:52:40','0:0:0:0:0:0:0:1','top.lishaojun.crm.service.impl.PermissionServiceImpl@41880d8e:int top.lishaojun.crm.service.IPermissionService.deleteByPrimaryKey(Long)','[1]'),(778,2,'2019-08-20 10:52:42','0:0:0:0:0:0:0:1','top.lishaojun.crm.service.impl.PermissionServiceImpl@41880d8e:PageResult top.lishaojun.crm.service.IPermissionService.queryForPage(QueryObject)','[{\"page\":1,\"rows\":10,\"rid\":null,\"start\":0}]'),(779,2,'2019-08-20 10:52:43','0:0:0:0:0:0:0:1','top.lishaojun.crm.service.impl.PermissionServiceImpl@41880d8e:PageResult top.lishaojun.crm.service.IPermissionService.queryForPage(QueryObject)','[{\"page\":1,\"rows\":10,\"rid\":null,\"start\":0}]'),(780,2,'2019-08-20 10:52:53','0:0:0:0:0:0:0:1','top.lishaojun.crm.service.impl.PermissionServiceImpl@41880d8e:PageResult top.lishaojun.crm.service.IPermissionService.queryForPage(QueryObject)','[{\"page\":1,\"rows\":10,\"rid\":null,\"start\":0}]'),(781,2,'2019-08-20 10:52:54','0:0:0:0:0:0:0:1','top.lishaojun.crm.service.impl.PermissionServiceImpl@41880d8e:PageResult top.lishaojun.crm.service.IPermissionService.queryForPage(QueryObject)','[{\"page\":1,\"rows\":10,\"rid\":null,\"start\":0}]'),(782,2,'2019-08-20 10:52:55','0:0:0:0:0:0:0:1','top.lishaojun.crm.service.impl.PermissionServiceImpl@41880d8e:PageResult top.lishaojun.crm.service.IPermissionService.queryForPage(QueryObject)','[{\"page\":1,\"rows\":10,\"rid\":null,\"start\":0}]'),(783,NULL,'2019-08-20 10:55:39','0:0:0:0:0:0:0:1','top.lishaojun.crm.service.impl.EmployeeServiceImpl@368db9e6:Employee top.lishaojun.crm.service.IEmployeeService.getEmployeeForLogin(String,String)','[\"admin\",\"123\"]'),(784,1,'2019-08-20 10:55:39','0:0:0:0:0:0:0:1','top.lishaojun.crm.service.impl.PermissionServiceImpl@db56974:List top.lishaojun.crm.service.IPermissionService.queryResourceByEid(Long)','[1]'),(785,1,'2019-08-20 10:55:39','0:0:0:0:0:0:0:1','top.lishaojun.crm.service.impl.MenuServiceImpl@2eb5d294:List top.lishaojun.crm.service.IMenuService.queryForMenu()','[]'),(786,1,'2019-08-20 10:55:41','0:0:0:0:0:0:0:1','top.lishaojun.crm.service.impl.PermissionServiceImpl@db56974:PageResult top.lishaojun.crm.service.IPermissionService.queryForPage(QueryObject)','[{\"page\":1,\"rows\":10,\"rid\":null,\"keyword\":null,\"start\":0}]'),(787,1,'2019-08-20 10:55:47','0:0:0:0:0:0:0:1','top.lishaojun.crm.service.impl.PermissionServiceImpl@db56974:PageResult top.lishaojun.crm.service.IPermissionService.queryForPage(QueryObject)','[{\"page\":1,\"rows\":10,\"rid\":null,\"keyword\":\"员工\",\"start\":0}]'),(788,1,'2019-08-20 10:55:55','0:0:0:0:0:0:0:1','top.lishaojun.crm.service.impl.RoleServiceImpl@2cc87d:PageResult top.lishaojun.crm.service.IRoleService.queryForPage(QueryObject)','[{\"page\":1,\"rows\":10,\"keyword\":null,\"start\":0}]'),(789,1,'2019-08-20 10:55:55','0:0:0:0:0:0:0:1','top.lishaojun.crm.service.impl.PermissionServiceImpl@db56974:PageResult top.lishaojun.crm.service.IPermissionService.queryForPage(QueryObject)','[{\"page\":1,\"rows\":10,\"rid\":null,\"keyword\":null,\"start\":0}]'),(790,1,'2019-08-20 10:55:59','0:0:0:0:0:0:0:1','top.lishaojun.crm.service.impl.PermissionServiceImpl@db56974:PageResult top.lishaojun.crm.service.IPermissionService.queryForPage(QueryObject)','[{\"page\":1,\"rows\":10,\"rid\":7,\"keyword\":null,\"start\":0}]'),(791,1,'2019-08-20 10:56:05','0:0:0:0:0:0:0:1','top.lishaojun.crm.service.impl.DepartmentServiceImpl@7040fb3c:PageResult top.lishaojun.crm.service.IDepartmentService.queryForPage(DepartmentQueryObject)','[{\"page\":1,\"rows\":10,\"keyword\":null,\"start\":0}]'),(792,1,'2019-08-20 10:56:07','0:0:0:0:0:0:0:1','top.lishaojun.crm.service.impl.DepartmentServiceImpl@7040fb3c:List top.lishaojun.crm.service.IDepartmentService.queryForEmp()','[]'),(793,1,'2019-08-20 10:56:07','0:0:0:0:0:0:0:1','top.lishaojun.crm.service.impl.RoleServiceImpl@2cc87d:List top.lishaojun.crm.service.IRoleService.selectAll()','[]'),(794,1,'2019-08-20 10:56:07','0:0:0:0:0:0:0:1','top.lishaojun.crm.service.impl.EmployeeServiceImpl@368db9e6:PageResult top.lishaojun.crm.service.IEmployeeService.queryForPage(EmployeeQueryObject)','[{\"page\":1,\"rows\":10,\"keyword\":null,\"start\":0}]'),(795,1,'2019-08-20 10:57:10','0:0:0:0:0:0:0:1','top.lishaojun.crm.service.impl.PermissionServiceImpl@db56974:int top.lishaojun.crm.service.IPermissionService.updateByPrimaryKey(Permission)','[{\"id\":3,\"name\":\"员工删\",\"resource\":\"top.lishaojun.crm.web.controller.EmployeeController:delete\"}]'),(796,1,'2019-08-20 10:57:12','0:0:0:0:0:0:0:1','top.lishaojun.crm.service.impl.PermissionServiceImpl@db56974:PageResult top.lishaojun.crm.service.IPermissionService.queryForPage(QueryObject)','[{\"page\":1,\"rows\":10,\"rid\":null,\"keyword\":\"员工\",\"start\":0}]'),(797,1,'2019-08-20 10:57:21','0:0:0:0:0:0:0:1','top.lishaojun.crm.service.impl.PermissionServiceImpl@db56974:PageResult top.lishaojun.crm.service.IPermissionService.queryForPage(QueryObject)','[{\"page\":1,\"rows\":10,\"rid\":null,\"keyword\":\"员工\",\"start\":0}]'),(798,1,'2019-08-20 10:57:23','0:0:0:0:0:0:0:1','top.lishaojun.crm.service.impl.PermissionServiceImpl@db56974:int top.lishaojun.crm.service.IPermissionService.updateByPrimaryKey(Permission)','[{\"id\":3,\"name\":\"员工删除\",\"resource\":\"top.lishaojun.crm.web.controller.EmployeeController:delete\"}]'),(799,1,'2019-08-20 10:57:24','0:0:0:0:0:0:0:1','top.lishaojun.crm.service.impl.PermissionServiceImpl@db56974:PageResult top.lishaojun.crm.service.IPermissionService.queryForPage(QueryObject)','[{\"page\":1,\"rows\":10,\"rid\":null,\"keyword\":\"员工\",\"start\":0}]'),(800,1,'2019-08-20 10:57:26','0:0:0:0:0:0:0:1','top.lishaojun.crm.service.impl.PermissionServiceImpl@db56974:PageResult top.lishaojun.crm.service.IPermissionService.queryForPage(QueryObject)','[{\"page\":1,\"rows\":10,\"rid\":null,\"keyword\":\"员工\",\"start\":0}]'),(801,1,'2019-08-20 10:57:36','0:0:0:0:0:0:0:1','top.lishaojun.crm.service.impl.RoleServiceImpl@2cc87d:int top.lishaojun.crm.service.IRoleService.deleteByPrimaryKey(Long)','[8]'),(802,1,'2019-08-20 10:57:37','0:0:0:0:0:0:0:1','top.lishaojun.crm.service.impl.RoleServiceImpl@2cc87d:PageResult top.lishaojun.crm.service.IRoleService.queryForPage(QueryObject)','[{\"page\":1,\"rows\":10,\"keyword\":null,\"start\":0}]'),(803,NULL,'2019-08-20 13:37:43','0:0:0:0:0:0:0:1','top.lishaojun.crm.service.impl.EmployeeServiceImpl@7684bb56:Employee top.lishaojun.crm.service.IEmployeeService.getEmployeeForLogin(String,String)','[\"admin\",\"123\"]'),(804,1,'2019-08-20 13:37:43','0:0:0:0:0:0:0:1','top.lishaojun.crm.service.impl.PermissionServiceImpl@1da1e7e1:List top.lishaojun.crm.service.IPermissionService.queryResourceByEid(Long)','[1]'),(805,1,'2019-08-20 13:37:43','0:0:0:0:0:0:0:1','top.lishaojun.crm.service.impl.MenuServiceImpl@ec0ea56:List top.lishaojun.crm.service.IMenuService.queryForMenu()','[]'),(806,1,'2019-08-20 13:37:45','0:0:0:0:0:0:0:1','top.lishaojun.crm.service.impl.DepartmentServiceImpl@75bf32fd:List top.lishaojun.crm.service.IDepartmentService.queryForEmp()','[]'),(807,1,'2019-08-20 13:37:45','0:0:0:0:0:0:0:1','top.lishaojun.crm.service.impl.RoleServiceImpl@1f493b55:List top.lishaojun.crm.service.IRoleService.selectAll()','[]'),(808,1,'2019-08-20 13:37:45','0:0:0:0:0:0:0:1','top.lishaojun.crm.service.impl.EmployeeServiceImpl@7684bb56:PageResult top.lishaojun.crm.service.IEmployeeService.queryForPage(EmployeeQueryObject)','[{\"page\":1,\"rows\":10,\"keyword\":null,\"start\":0}]'),(809,1,'2019-08-20 13:37:47','0:0:0:0:0:0:0:1','top.lishaojun.crm.service.impl.EmployeeServiceImpl@7684bb56:List top.lishaojun.crm.service.IEmployeeService.queryRoleByEid(Long)','[1]'),(810,1,'2019-08-20 13:37:53','0:0:0:0:0:0:0:1','top.lishaojun.crm.service.impl.EmployeeServiceImpl@7684bb56:List top.lishaojun.crm.service.IEmployeeService.queryRoleByEid(Long)','[1]'),(811,1,'2019-08-20 13:38:04','0:0:0:0:0:0:0:1','top.lishaojun.crm.service.impl.EmployeeServiceImpl@7684bb56:int top.lishaojun.crm.service.IEmployeeService.updateByPrimaryKey(Employee)','[{\"id\":1,\"username\":\"admin\",\"realname\":\"bravo1988\",\"password\":null,\"tel\":\"18257534567\",\"email\":\"523839773@qq.com\",\"dept\":{\"id\":1,\"sn\":null,\"name\":null,\"manager\":null,\"parent\":null,\"state\":null},\"inputtime\":\"2019-08-15\",\"state\":null,\"admin\":null,\"roles\":[{\"id\":6,\"name\":null,\"sn\":null,\"permissions\":[]},{\"id\":7,\"name\":null,\"sn\":null,\"permissions\":[]}]}]'),(812,1,'2019-08-20 13:38:06','0:0:0:0:0:0:0:1','top.lishaojun.crm.service.impl.EmployeeServiceImpl@7684bb56:PageResult top.lishaojun.crm.service.IEmployeeService.queryForPage(EmployeeQueryObject)','[{\"page\":1,\"rows\":10,\"keyword\":null,\"start\":0}]'),(813,NULL,'2019-09-23 23:14:21','0:0:0:0:0:0:0:1','class top.lishaojun.crm.service.impl.IEmployeeServiceImpl:Employee top.lishaojun.crm.service.IEmployeeService.getLogin(String,String)','[\"admin\",\"123\"]'),(814,1,'2019-09-23 23:16:56','0:0:0:0:0:0:0:1','class top.lishaojun.crm.service.impl.IDepartmentServiceImpl:List top.lishaojun.crm.service.IDepartmentService.selectAll()','[]'),(815,1,'2019-09-23 23:16:56','0:0:0:0:0:0:0:1','class top.lishaojun.crm.service.impl.IEmployeeServiceImpl:PageResult top.lishaojun.crm.service.IEmployeeService.selectByCondition(QueryObject)','[{\"page\":1,\"rows\":10,\"keyword\":null,\"beginDate\":null,\"endDate\":null,\"state\":null}]'),(816,1,'2019-09-23 23:17:01','0:0:0:0:0:0:0:1','class top.lishaojun.crm.service.impl.IDepartmentServiceImpl:List top.lishaojun.crm.service.IDepartmentService.selectAll()','[]'),(817,1,'2019-09-23 23:17:02','0:0:0:0:0:0:0:1','class top.lishaojun.crm.service.impl.IEmployeeServiceImpl:PageResult top.lishaojun.crm.service.IEmployeeService.selectByCondition(QueryObject)','[{\"page\":1,\"rows\":10,\"keyword\":null,\"beginDate\":null,\"endDate\":null,\"state\":null}]'),(818,NULL,'2019-09-24 21:04:42','0:0:0:0:0:0:0:1','class top.lishaojun.crm.service.impl.IEmployeeServiceImpl:Employee top.lishaojun.crm.service.IEmployeeService.getLogin(String,String)','[\"admin\",\"123\"]'),(819,NULL,'2019-09-24 21:04:42','0:0:0:0:0:0:0:1','class top.lishaojun.crm.service.impl.IEmployeeServiceImpl:Employee top.lishaojun.crm.service.IEmployeeService.getLogin(String,String)','[\"admin\",\"123\"]'),(820,NULL,'2019-09-24 21:04:42','0:0:0:0:0:0:0:1','class top.lishaojun.crm.service.impl.IEmployeeServiceImpl:Employee top.lishaojun.crm.service.IEmployeeService.getLogin(String,String)','[\"admin\",\"123\"]'),(821,NULL,'2019-09-24 22:58:11','0:0:0:0:0:0:0:1','class top.lishaojun.crm.service.impl.IEmployeeServiceImpl:Employee top.lishaojun.crm.service.IEmployeeService.getLogin(String,String)','[\"test\",\"test\"]'),(822,NULL,'2019-09-24 22:58:20','0:0:0:0:0:0:0:1','class top.lishaojun.crm.service.impl.IEmployeeServiceImpl:Employee top.lishaojun.crm.service.IEmployeeService.getLogin(String,String)','[\"admin\",\"123\"]'),(823,1,'2019-09-24 22:58:30','0:0:0:0:0:0:0:1','class top.lishaojun.crm.service.impl.IDepartmentServiceImpl:List top.lishaojun.crm.service.IDepartmentService.selectAll()','[]'),(824,1,'2019-09-24 22:58:30','0:0:0:0:0:0:0:1','class top.lishaojun.crm.service.impl.IEmployeeServiceImpl:PageResult top.lishaojun.crm.service.IEmployeeService.selectByCondition(QueryObject)','[{\"page\":1,\"rows\":10}]'),(825,NULL,'2019-09-28 17:43:44','0:0:0:0:0:0:0:1','class top.lishaojun.crm.service.impl.IEmployeeServiceImpl:Employee top.lishaojun.crm.service.IEmployeeService.getLogin(String,String)','[\"admin\",\"123\"]'),(826,NULL,'2019-09-28 18:14:36','0:0:0:0:0:0:0:1','class top.lishaojun.crm.service.impl.IEmployeeServiceImpl:Employee top.lishaojun.crm.service.IEmployeeService.getLogin(String,String)','[\"admin\",\"123\"]'),(827,1,'2019-09-28 18:14:40','0:0:0:0:0:0:0:1','class top.lishaojun.crm.service.impl.IPermissionServiceImpl:PageResult top.lishaojun.crm.service.IPermissionService.selectByCondition(QueryObject)','[{\"page\":1,\"rows\":10}]'),(828,1,'2019-09-28 18:14:40','0:0:0:0:0:0:0:1','class top.lishaojun.crm.service.impl.IRoleServiceImpl:PageResult top.lishaojun.crm.service.IRoleService.selectByCondition(QueryObject)','[{\"page\":1,\"rows\":10}]'),(829,NULL,'2019-09-28 18:17:30','0:0:0:0:0:0:0:1','class top.lishaojun.crm.service.impl.IEmployeeServiceImpl:Employee top.lishaojun.crm.service.IEmployeeService.getLogin(String,String)','[\"admin\",\"123\"]'),(830,1,'2019-09-28 18:17:39','0:0:0:0:0:0:0:1','class top.lishaojun.crm.service.impl.IRoleServiceImpl:PageResult top.lishaojun.crm.service.IRoleService.selectByCondition(QueryObject)','[{\"page\":1,\"rows\":10}]'),(831,1,'2019-09-28 18:17:39','0:0:0:0:0:0:0:1','class top.lishaojun.crm.service.impl.IPermissionServiceImpl:PageResult top.lishaojun.crm.service.IPermissionService.selectByCondition(QueryObject)','[{\"page\":1,\"rows\":10}]'),(832,1,'2019-09-28 18:19:01','0:0:0:0:0:0:0:1','class top.lishaojun.crm.service.impl.IRoleServiceImpl:PageResult top.lishaojun.crm.service.IRoleService.selectByCondition(QueryObject)','[{\"page\":1,\"rows\":10}]'),(833,1,'2019-09-28 18:19:01','0:0:0:0:0:0:0:1','class top.lishaojun.crm.service.impl.IPermissionServiceImpl:PageResult top.lishaojun.crm.service.IPermissionService.selectByCondition(QueryObject)','[{\"page\":1,\"rows\":10}]'),(834,NULL,'2019-09-28 18:20:34','0:0:0:0:0:0:0:1','class top.lishaojun.crm.service.impl.IEmployeeServiceImpl:Employee top.lishaojun.crm.service.IEmployeeService.getLogin(String,String)','[\"admin\",\"123\"]'),(835,1,'2019-09-28 18:20:37','0:0:0:0:0:0:0:1','class top.lishaojun.crm.service.impl.IPermissionServiceImpl:PageResult top.lishaojun.crm.service.IPermissionService.selectByCondition(QueryObject)','[{\"page\":1,\"rows\":10}]'),(836,1,'2019-09-28 18:20:43','0:0:0:0:0:0:0:1','class top.lishaojun.crm.service.impl.IRoleServiceImpl:PageResult top.lishaojun.crm.service.IRoleService.selectByCondition(QueryObject)','[{\"page\":1,\"rows\":10}]'),(837,NULL,'2019-09-28 18:25:36','0:0:0:0:0:0:0:1','class top.lishaojun.crm.service.impl.IEmployeeServiceImpl:Employee top.lishaojun.crm.service.IEmployeeService.getLogin(String,String)','[\"admin\",\"123\"]'),(838,1,'2019-09-28 18:25:43','0:0:0:0:0:0:0:1','class top.lishaojun.crm.service.impl.IPermissionServiceImpl:PageResult top.lishaojun.crm.service.IPermissionService.selectByCondition(QueryObject)','[{\"page\":1,\"rows\":10}]'),(839,1,'2019-09-28 18:25:43','0:0:0:0:0:0:0:1','class top.lishaojun.crm.service.impl.IRoleServiceImpl:PageResult top.lishaojun.crm.service.IRoleService.selectByCondition(QueryObject)','[{\"page\":1,\"rows\":10}]'),(840,1,'2019-09-28 18:26:55','0:0:0:0:0:0:0:1','class top.lishaojun.crm.service.impl.IPermissionServiceImpl:PageResult top.lishaojun.crm.service.IPermissionService.selectByCondition(QueryObject)','[{\"page\":1,\"rows\":10}]'),(841,1,'2019-09-28 18:26:56','0:0:0:0:0:0:0:1','class top.lishaojun.crm.service.impl.IPermissionServiceImpl:PageResult top.lishaojun.crm.service.IPermissionService.selectByCondition(QueryObject)','[{\"page\":1,\"rows\":10}]'),(842,1,'2019-09-28 18:26:56','0:0:0:0:0:0:0:1','class top.lishaojun.crm.service.impl.IPermissionServiceImpl:PageResult top.lishaojun.crm.service.IPermissionService.selectByCondition(QueryObject)','[{\"page\":1,\"rows\":10}]'),(843,1,'2019-09-28 18:26:56','0:0:0:0:0:0:0:1','class top.lishaojun.crm.service.impl.IPermissionServiceImpl:PageResult top.lishaojun.crm.service.IPermissionService.selectByCondition(QueryObject)','[{\"page\":1,\"rows\":10}]'),(844,1,'2019-09-28 18:28:14','0:0:0:0:0:0:0:1','class top.lishaojun.crm.service.impl.IRoleServiceImpl:PageResult top.lishaojun.crm.service.IRoleService.selectByCondition(QueryObject)','[{\"page\":1,\"rows\":10}]'),(845,1,'2019-09-28 18:28:14','0:0:0:0:0:0:0:1','class top.lishaojun.crm.service.impl.IPermissionServiceImpl:PageResult top.lishaojun.crm.service.IPermissionService.selectByCondition(QueryObject)','[{\"page\":1,\"rows\":10}]'),(846,1,'2019-09-28 18:28:42','0:0:0:0:0:0:0:1','class top.lishaojun.crm.service.impl.IRoleServiceImpl:PageResult top.lishaojun.crm.service.IRoleService.selectByCondition(QueryObject)','[{\"page\":1,\"rows\":10}]'),(847,1,'2019-09-28 18:28:42','0:0:0:0:0:0:0:1','class top.lishaojun.crm.service.impl.IPermissionServiceImpl:PageResult top.lishaojun.crm.service.IPermissionService.selectByCondition(QueryObject)','[{\"page\":1,\"rows\":10}]'),(848,1,'2019-09-28 18:29:04','0:0:0:0:0:0:0:1','class top.lishaojun.crm.service.impl.IRoleServiceImpl:PageResult top.lishaojun.crm.service.IRoleService.selectByCondition(QueryObject)','[{\"page\":1,\"rows\":10}]'),(849,1,'2019-09-28 18:29:04','0:0:0:0:0:0:0:1','class top.lishaojun.crm.service.impl.IPermissionServiceImpl:PageResult top.lishaojun.crm.service.IPermissionService.selectByCondition(QueryObject)','[{\"page\":1,\"rows\":10}]'),(850,1,'2019-09-28 18:29:04','0:0:0:0:0:0:0:1','class top.lishaojun.crm.service.impl.IRoleServiceImpl:PageResult top.lishaojun.crm.service.IRoleService.selectByCondition(QueryObject)','[{\"page\":1,\"rows\":10}]'),(851,1,'2019-09-28 18:29:04','0:0:0:0:0:0:0:1','class top.lishaojun.crm.service.impl.IPermissionServiceImpl:PageResult top.lishaojun.crm.service.IPermissionService.selectByCondition(QueryObject)','[{\"page\":1,\"rows\":10}]'),(852,1,'2019-09-28 18:29:18','0:0:0:0:0:0:0:1','class top.lishaojun.crm.service.impl.IRoleServiceImpl:PageResult top.lishaojun.crm.service.IRoleService.selectByCondition(QueryObject)','[{\"page\":1,\"rows\":10}]'),(853,1,'2019-09-28 18:29:18','0:0:0:0:0:0:0:1','class top.lishaojun.crm.service.impl.IPermissionServiceImpl:PageResult top.lishaojun.crm.service.IPermissionService.selectByCondition(QueryObject)','[{\"page\":1,\"rows\":10}]'),(854,1,'2019-09-28 18:29:19','0:0:0:0:0:0:0:1','class top.lishaojun.crm.service.impl.IRoleServiceImpl:PageResult top.lishaojun.crm.service.IRoleService.selectByCondition(QueryObject)','[{\"page\":1,\"rows\":10}]'),(855,1,'2019-09-28 18:29:19','0:0:0:0:0:0:0:1','class top.lishaojun.crm.service.impl.IPermissionServiceImpl:PageResult top.lishaojun.crm.service.IPermissionService.selectByCondition(QueryObject)','[{\"page\":1,\"rows\":10}]'),(856,1,'2019-09-28 18:29:19','0:0:0:0:0:0:0:1','class top.lishaojun.crm.service.impl.IRoleServiceImpl:PageResult top.lishaojun.crm.service.IRoleService.selectByCondition(QueryObject)','[{\"page\":1,\"rows\":10}]'),(857,1,'2019-09-28 18:29:19','0:0:0:0:0:0:0:1','class top.lishaojun.crm.service.impl.IPermissionServiceImpl:PageResult top.lishaojun.crm.service.IPermissionService.selectByCondition(QueryObject)','[{\"page\":1,\"rows\":10}]'),(858,1,'2019-09-28 18:31:03','0:0:0:0:0:0:0:1','class top.lishaojun.crm.service.impl.IRoleServiceImpl:PageResult top.lishaojun.crm.service.IRoleService.selectByCondition(QueryObject)','[{\"page\":1,\"rows\":10}]'),(859,1,'2019-09-28 18:31:03','0:0:0:0:0:0:0:1','class top.lishaojun.crm.service.impl.IPermissionServiceImpl:PageResult top.lishaojun.crm.service.IPermissionService.selectByCondition(QueryObject)','[{\"page\":1,\"rows\":10}]'),(860,1,'2019-09-28 18:31:03','0:0:0:0:0:0:0:1','class top.lishaojun.crm.service.impl.IRoleServiceImpl:PageResult top.lishaojun.crm.service.IRoleService.selectByCondition(QueryObject)','[{\"page\":1,\"rows\":10}]'),(861,1,'2019-09-28 18:31:03','0:0:0:0:0:0:0:1','class top.lishaojun.crm.service.impl.IPermissionServiceImpl:PageResult top.lishaojun.crm.service.IPermissionService.selectByCondition(QueryObject)','[{\"page\":1,\"rows\":10}]'),(862,NULL,'2019-09-28 18:31:32','0:0:0:0:0:0:0:1','class top.lishaojun.crm.service.impl.IEmployeeServiceImpl:Employee top.lishaojun.crm.service.IEmployeeService.getLogin(String,String)','[\"admin\",\"123\"]'),(863,1,'2019-09-28 18:31:33','0:0:0:0:0:0:0:1','class top.lishaojun.crm.service.impl.IEmployeeServiceImpl:Employee top.lishaojun.crm.service.IEmployeeService.getLogin(String,String)','[\"admin\",\"123\"]'),(864,1,'2019-09-28 18:31:40','0:0:0:0:0:0:0:1','class top.lishaojun.crm.service.impl.IRoleServiceImpl:PageResult top.lishaojun.crm.service.IRoleService.selectByCondition(QueryObject)','[{\"page\":1,\"rows\":10}]'),(865,1,'2019-09-28 18:31:40','0:0:0:0:0:0:0:1','class top.lishaojun.crm.service.impl.IPermissionServiceImpl:PageResult top.lishaojun.crm.service.IPermissionService.selectByCondition(QueryObject)','[{\"page\":1,\"rows\":10}]'),(866,NULL,'2019-09-28 18:39:59','0:0:0:0:0:0:0:1','class top.lishaojun.crm.service.impl.IEmployeeServiceImpl:Employee top.lishaojun.crm.service.IEmployeeService.getLogin(String,String)','[\"admin\",\"123\"]'),(867,NULL,'2019-09-28 18:48:39','0:0:0:0:0:0:0:1','class top.lishaojun.crm.service.impl.IEmployeeServiceImpl:Employee top.lishaojun.crm.service.IEmployeeService.getLogin(String,String)','[\"admin\",\"123\"]'),(868,1,'2019-09-28 18:48:53','0:0:0:0:0:0:0:1','class top.lishaojun.crm.service.impl.IRoleServiceImpl:int top.lishaojun.crm.service.IRoleService.save(Role)','[{\"id\":9,\"name\":\"普通用户\",\"sn\":\"003\",\"permissions\":[{\"id\":5},{\"id\":6}]}]'),(869,1,'2019-09-28 18:48:53','0:0:0:0:0:0:0:1','class top.lishaojun.crm.service.impl.IRoleServiceImpl:PageResult top.lishaojun.crm.service.IRoleService.selectByCondition(QueryObject)','[{\"page\":1,\"rows\":10}]'),(870,1,'2019-09-28 18:49:39','0:0:0:0:0:0:0:1','class top.lishaojun.crm.service.impl.IRoleServiceImpl:PageResult top.lishaojun.crm.service.IRoleService.selectByCondition(QueryObject)','[{\"page\":1,\"rows\":10}]'),(871,1,'2019-09-28 18:49:39','0:0:0:0:0:0:0:1','class top.lishaojun.crm.service.impl.IPermissionServiceImpl:PageResult top.lishaojun.crm.service.IPermissionService.selectByCondition(QueryObject)','[{\"page\":1,\"rows\":10}]'),(872,NULL,'2019-09-28 19:06:15','0:0:0:0:0:0:0:1','class top.lishaojun.crm.service.impl.IEmployeeServiceImpl:Employee top.lishaojun.crm.service.IEmployeeService.getLogin(String,String)','[\"admin\",\"123\"]'),(873,1,'2019-09-28 19:06:20','0:0:0:0:0:0:0:1','class top.lishaojun.crm.service.impl.IRoleServiceImpl:PageResult top.lishaojun.crm.service.IRoleService.selectByCondition(QueryObject)','[{\"page\":1,\"rows\":10}]'),(874,1,'2019-09-28 19:06:20','0:0:0:0:0:0:0:1','class top.lishaojun.crm.service.impl.IPermissionServiceImpl:PageResult top.lishaojun.crm.service.IPermissionService.selectByCondition(QueryObject)','[{\"page\":1,\"rows\":10}]'),(875,1,'2019-09-28 19:07:44','0:0:0:0:0:0:0:1','class top.lishaojun.crm.service.impl.IRoleServiceImpl:PageResult top.lishaojun.crm.service.IRoleService.selectByCondition(QueryObject)','[{\"page\":1,\"rows\":10}]'),(876,1,'2019-09-28 19:07:44','0:0:0:0:0:0:0:1','class top.lishaojun.crm.service.impl.IPermissionServiceImpl:PageResult top.lishaojun.crm.service.IPermissionService.selectByCondition(QueryObject)','[{\"page\":1,\"rows\":10}]'),(877,NULL,'2019-09-28 19:10:46','0:0:0:0:0:0:0:1','class top.lishaojun.crm.service.impl.IEmployeeServiceImpl:Employee top.lishaojun.crm.service.IEmployeeService.getLogin(String,String)','[\"admin\",\"123\"]'),(878,1,'2019-09-28 19:17:26','0:0:0:0:0:0:0:1','class top.lishaojun.crm.service.impl.IRoleServiceImpl:PageResult top.lishaojun.crm.service.IRoleService.selectByCondition(QueryObject)','[{\"page\":1,\"rows\":10}]'),(879,1,'2019-09-28 19:17:26','0:0:0:0:0:0:0:1','class top.lishaojun.crm.service.impl.IPermissionServiceImpl:PageResult top.lishaojun.crm.service.IPermissionService.selectByCondition(QueryObject)','[{\"page\":1,\"rows\":10}]'),(880,1,'2019-09-28 19:17:33','0:0:0:0:0:0:0:1','class top.lishaojun.crm.service.impl.IPermissionServiceImpl:List top.lishaojun.crm.service.IPermissionService.queryByRid(long)','[6]'),(881,1,'2019-09-28 19:17:38','0:0:0:0:0:0:0:1','class top.lishaojun.crm.service.impl.IPermissionServiceImpl:List top.lishaojun.crm.service.IPermissionService.queryByRid(long)','[9]'),(882,1,'2019-09-28 19:17:45','0:0:0:0:0:0:0:1','class top.lishaojun.crm.service.impl.IPermissionServiceImpl:List top.lishaojun.crm.service.IPermissionService.queryByRid(long)','[9]'),(883,NULL,'2019-09-28 19:29:56','0:0:0:0:0:0:0:1','class top.lishaojun.crm.service.impl.IEmployeeServiceImpl:Employee top.lishaojun.crm.service.IEmployeeService.getLogin(String,String)','[\"admin\",\"123\"]'),(884,1,'2019-09-28 19:30:01','0:0:0:0:0:0:0:1','class top.lishaojun.crm.service.impl.IRoleServiceImpl:PageResult top.lishaojun.crm.service.IRoleService.selectByCondition(QueryObject)','[{\"page\":1,\"rows\":10}]'),(885,1,'2019-09-28 19:30:01','0:0:0:0:0:0:0:1','class top.lishaojun.crm.service.impl.IPermissionServiceImpl:PageResult top.lishaojun.crm.service.IPermissionService.selectByCondition(QueryObject)','[{\"page\":1,\"rows\":10}]'),(886,1,'2019-09-28 19:30:34','0:0:0:0:0:0:0:1','class top.lishaojun.crm.service.impl.IPermissionServiceImpl:List top.lishaojun.crm.service.IPermissionService.queryByRid(long)','[9]'),(887,1,'2019-09-28 19:30:44','0:0:0:0:0:0:0:1','class top.lishaojun.crm.service.impl.IRoleServiceImpl:int top.lishaojun.crm.service.IRoleService.update(Role)','[{\"id\":9,\"name\":\"普通用户\",\"sn\":\"003\",\"permissions\":[{\"id\":5},{\"id\":6},{\"id\":4}]}]'),(888,1,'2019-09-28 19:30:44','0:0:0:0:0:0:0:1','class top.lishaojun.crm.service.impl.IRoleServiceImpl:PageResult top.lishaojun.crm.service.IRoleService.selectByCondition(QueryObject)','[{\"page\":1,\"rows\":10}]'),(889,1,'2019-09-28 19:30:50','0:0:0:0:0:0:0:1','class top.lishaojun.crm.service.impl.IPermissionServiceImpl:List top.lishaojun.crm.service.IPermissionService.queryByRid(long)','[9]'),(890,1,'2019-09-28 19:31:45','0:0:0:0:0:0:0:1','class top.lishaojun.crm.service.impl.IRoleServiceImpl:PageResult top.lishaojun.crm.service.IRoleService.selectByCondition(QueryObject)','[{\"page\":1,\"rows\":10}]'),(891,NULL,'2019-09-28 19:34:39','0:0:0:0:0:0:0:1','class top.lishaojun.crm.service.impl.IEmployeeServiceImpl:Employee top.lishaojun.crm.service.IEmployeeService.getLogin(String,String)','[\"admin\",\"123\"]'),(892,1,'2019-09-28 19:34:49','0:0:0:0:0:0:0:1','class top.lishaojun.crm.service.impl.IPermissionServiceImpl:PageResult top.lishaojun.crm.service.IPermissionService.selectByCondition(QueryObject)','[{\"page\":1,\"rows\":10}]'),(893,1,'2019-09-28 19:34:49','0:0:0:0:0:0:0:1','class top.lishaojun.crm.service.impl.IRoleServiceImpl:PageResult top.lishaojun.crm.service.IRoleService.selectByCondition(QueryObject)','[{\"page\":1,\"rows\":10}]'),(894,1,'2019-09-28 19:34:53','0:0:0:0:0:0:0:1','class top.lishaojun.crm.service.impl.IRoleServiceImpl:int top.lishaojun.crm.service.IRoleService.delete(Long)','[9]'),(895,1,'2019-09-28 19:34:53','0:0:0:0:0:0:0:1','class top.lishaojun.crm.service.impl.IRoleServiceImpl:PageResult top.lishaojun.crm.service.IRoleService.selectByCondition(QueryObject)','[{\"page\":1,\"rows\":10}]'),(896,1,'2019-09-28 19:34:59','0:0:0:0:0:0:0:1','class top.lishaojun.crm.service.impl.IRoleServiceImpl:PageResult top.lishaojun.crm.service.IRoleService.selectByCondition(QueryObject)','[{\"page\":1,\"rows\":10}]'),(897,1,'2019-09-28 19:34:59','0:0:0:0:0:0:0:1','class top.lishaojun.crm.service.impl.IPermissionServiceImpl:PageResult top.lishaojun.crm.service.IPermissionService.selectByCondition(QueryObject)','[{\"page\":1,\"rows\":10}]'),(898,1,'2019-09-28 19:36:22','0:0:0:0:0:0:0:1','class top.lishaojun.crm.service.impl.IDepartmentServiceImpl:List top.lishaojun.crm.service.IDepartmentService.selectAll()','[]'),(899,1,'2019-09-28 19:36:23','0:0:0:0:0:0:0:1','class top.lishaojun.crm.service.impl.IEmployeeServiceImpl:PageResult top.lishaojun.crm.service.IEmployeeService.selectByCondition(QueryObject)','[{\"page\":1,\"rows\":10}]'),(900,1,'2019-09-28 19:52:15','0:0:0:0:0:0:0:1','class top.lishaojun.crm.service.impl.IDepartmentServiceImpl:List top.lishaojun.crm.service.IDepartmentService.selectAll()','[]'),(901,1,'2019-09-28 19:52:15','0:0:0:0:0:0:0:1','class top.lishaojun.crm.service.impl.IEmployeeServiceImpl:PageResult top.lishaojun.crm.service.IEmployeeService.selectByCondition(QueryObject)','[{\"page\":1,\"rows\":10}]'),(902,1,'2019-09-28 20:02:42','0:0:0:0:0:0:0:1','class top.lishaojun.crm.service.impl.IDepartmentServiceImpl:List top.lishaojun.crm.service.IDepartmentService.selectAll()','[]'),(903,1,'2019-09-28 20:02:43','0:0:0:0:0:0:0:1','class top.lishaojun.crm.service.impl.IEmployeeServiceImpl:PageResult top.lishaojun.crm.service.IEmployeeService.selectByCondition(QueryObject)','[{\"page\":1,\"rows\":10}]'),(904,NULL,'2019-09-28 20:35:59','0:0:0:0:0:0:0:1','class top.lishaojun.crm.service.impl.IEmployeeServiceImpl:Employee top.lishaojun.crm.service.IEmployeeService.getLogin(String,String)','[\"admin\",\"123\"]'),(905,1,'2019-09-28 20:36:03','0:0:0:0:0:0:0:1','class top.lishaojun.crm.service.impl.IDepartmentServiceImpl:List top.lishaojun.crm.service.IDepartmentService.selectAll()','[]'),(906,1,'2019-09-28 20:36:03','0:0:0:0:0:0:0:1','class top.lishaojun.crm.service.impl.IRoleServiceImpl:List top.lishaojun.crm.service.IRoleService.selectAll()','[]'),(907,1,'2019-09-28 20:36:03','0:0:0:0:0:0:0:1','class top.lishaojun.crm.service.impl.IEmployeeServiceImpl:PageResult top.lishaojun.crm.service.IEmployeeService.selectByCondition(QueryObject)','[{\"page\":1,\"rows\":10}]'),(908,1,'2019-09-28 20:36:19','0:0:0:0:0:0:0:1','class top.lishaojun.crm.service.impl.IEmployeeServiceImpl:List top.lishaojun.crm.service.IEmployeeService.queryRoleIdByEid(long)','[45]'),(909,1,'2019-09-28 20:36:29','0:0:0:0:0:0:0:1','class top.lishaojun.crm.service.impl.IEmployeeServiceImpl:List top.lishaojun.crm.service.IEmployeeService.queryRoleIdByEid(long)','[2]'),(910,1,'2019-09-28 20:36:34','0:0:0:0:0:0:0:1','class top.lishaojun.crm.service.impl.IEmployeeServiceImpl:List top.lishaojun.crm.service.IEmployeeService.queryRoleIdByEid(long)','[1]'),(911,1,'2019-09-28 20:36:37','0:0:0:0:0:0:0:1','class top.lishaojun.crm.service.impl.IEmployeeServiceImpl:List top.lishaojun.crm.service.IEmployeeService.queryRoleIdByEid(long)','[38]'),(912,1,'2019-09-28 20:36:41','0:0:0:0:0:0:0:1','class top.lishaojun.crm.service.impl.IEmployeeServiceImpl:List top.lishaojun.crm.service.IEmployeeService.queryRoleIdByEid(long)','[39]'),(913,1,'2019-09-28 20:36:46','0:0:0:0:0:0:0:1','class top.lishaojun.crm.service.impl.IEmployeeServiceImpl:List top.lishaojun.crm.service.IEmployeeService.queryRoleIdByEid(long)','[45]'),(914,1,'2019-09-28 20:36:51','0:0:0:0:0:0:0:1','class top.lishaojun.crm.service.impl.IEmployeeServiceImpl:int top.lishaojun.crm.service.IEmployeeService.update(Employee)','[{\"id\":45,\"username\":\"test\",\"realname\":\"牟孙凡\",\"tel\":\"18802902155\",\"email\":\"lishaojun412@163.com\",\"dept\":{\"id\":2}}]'),(915,1,'2019-09-28 20:36:51','0:0:0:0:0:0:0:1','class top.lishaojun.crm.service.impl.IEmployeeServiceImpl:PageResult top.lishaojun.crm.service.IEmployeeService.selectByCondition(QueryObject)','[{\"page\":1,\"rows\":10}]'),(916,1,'2019-09-28 20:36:55','0:0:0:0:0:0:0:1','class top.lishaojun.crm.service.impl.IEmployeeServiceImpl:List top.lishaojun.crm.service.IEmployeeService.queryRoleIdByEid(long)','[45]'),(917,1,'2019-09-28 20:38:09','0:0:0:0:0:0:0:1','class top.lishaojun.crm.service.impl.IEmployeeServiceImpl:List top.lishaojun.crm.service.IEmployeeService.queryRoleIdByEid(long)','[45]'),(918,1,'2019-09-28 20:38:15','0:0:0:0:0:0:0:1','class top.lishaojun.crm.service.impl.IEmployeeServiceImpl:List top.lishaojun.crm.service.IEmployeeService.queryRoleIdByEid(long)','[45]'),(919,1,'2019-09-28 20:38:30','0:0:0:0:0:0:0:1','class top.lishaojun.crm.service.impl.IEmployeeServiceImpl:int top.lishaojun.crm.service.IEmployeeService.update(Employee)','[{\"id\":45,\"username\":\"test\",\"realname\":\"牟孙凡\",\"tel\":\"18802902155\",\"email\":\"lishaojun412@163.com\",\"dept\":{\"id\":2}}]'),(920,1,'2019-09-28 20:38:31','0:0:0:0:0:0:0:1','class top.lishaojun.crm.service.impl.IEmployeeServiceImpl:PageResult top.lishaojun.crm.service.IEmployeeService.selectByCondition(QueryObject)','[{\"page\":1,\"rows\":10}]'),(921,1,'2019-09-28 20:48:35','0:0:0:0:0:0:0:1','class top.lishaojun.crm.service.impl.IEmployeeServiceImpl:List top.lishaojun.crm.service.IEmployeeService.queryRoleIdByEid(long)','[1]'),(922,1,'2019-09-28 20:48:45','0:0:0:0:0:0:0:1','class top.lishaojun.crm.service.impl.IEmployeeServiceImpl:List top.lishaojun.crm.service.IEmployeeService.queryRoleIdByEid(long)','[1]'),(923,1,'2019-09-28 20:49:04','0:0:0:0:0:0:0:1','class top.lishaojun.crm.service.impl.IEmployeeServiceImpl:List top.lishaojun.crm.service.IEmployeeService.queryRoleIdByEid(long)','[1]'),(924,NULL,'2019-09-28 20:49:35','0:0:0:0:0:0:0:1','class top.lishaojun.crm.service.impl.IEmployeeServiceImpl:Employee top.lishaojun.crm.service.IEmployeeService.getLogin(String,String)','[\"admin\",\"123\"]'),(925,1,'2019-09-28 20:49:38','0:0:0:0:0:0:0:1','class top.lishaojun.crm.service.impl.IDepartmentServiceImpl:List top.lishaojun.crm.service.IDepartmentService.selectAll()','[]'),(926,1,'2019-09-28 20:49:38','0:0:0:0:0:0:0:1','class top.lishaojun.crm.service.impl.IRoleServiceImpl:List top.lishaojun.crm.service.IRoleService.selectAll()','[]'),(927,1,'2019-09-28 20:49:39','0:0:0:0:0:0:0:1','class top.lishaojun.crm.service.impl.IEmployeeServiceImpl:PageResult top.lishaojun.crm.service.IEmployeeService.selectByCondition(QueryObject)','[{\"page\":1,\"rows\":10}]'),(928,1,'2019-09-28 20:49:41','0:0:0:0:0:0:0:1','class top.lishaojun.crm.service.impl.IEmployeeServiceImpl:List top.lishaojun.crm.service.IEmployeeService.queryRoleIdByEid(long)','[45]'),(929,1,'2019-09-28 20:49:52','0:0:0:0:0:0:0:1','class top.lishaojun.crm.service.impl.IDepartmentServiceImpl:List top.lishaojun.crm.service.IDepartmentService.selectAll()','[]'),(930,1,'2019-09-28 20:49:52','0:0:0:0:0:0:0:1','class top.lishaojun.crm.service.impl.IRoleServiceImpl:List top.lishaojun.crm.service.IRoleService.selectAll()','[]'),(931,1,'2019-09-28 20:49:53','0:0:0:0:0:0:0:1','class top.lishaojun.crm.service.impl.IEmployeeServiceImpl:PageResult top.lishaojun.crm.service.IEmployeeService.selectByCondition(QueryObject)','[{\"page\":1,\"rows\":10}]'),(932,1,'2019-09-28 20:50:01','0:0:0:0:0:0:0:1','class top.lishaojun.crm.service.impl.IDepartmentServiceImpl:List top.lishaojun.crm.service.IDepartmentService.selectAll()','[]'),(933,1,'2019-09-28 20:50:01','0:0:0:0:0:0:0:1','class top.lishaojun.crm.service.impl.IRoleServiceImpl:List top.lishaojun.crm.service.IRoleService.selectAll()','[]'),(934,1,'2019-09-28 20:50:01','0:0:0:0:0:0:0:1','class top.lishaojun.crm.service.impl.IEmployeeServiceImpl:PageResult top.lishaojun.crm.service.IEmployeeService.selectByCondition(QueryObject)','[{\"page\":1,\"rows\":10}]'),(935,1,'2019-09-28 20:52:27','0:0:0:0:0:0:0:1','class top.lishaojun.crm.service.impl.IDepartmentServiceImpl:List top.lishaojun.crm.service.IDepartmentService.selectAll()','[]'),(936,1,'2019-09-28 20:52:27','0:0:0:0:0:0:0:1','class top.lishaojun.crm.service.impl.IRoleServiceImpl:List top.lishaojun.crm.service.IRoleService.selectAll()','[]'),(937,1,'2019-09-28 20:52:27','0:0:0:0:0:0:0:1','class top.lishaojun.crm.service.impl.IEmployeeServiceImpl:PageResult top.lishaojun.crm.service.IEmployeeService.selectByCondition(QueryObject)','[{\"page\":1,\"rows\":10}]'),(938,1,'2019-09-28 20:53:50','0:0:0:0:0:0:0:1','class top.lishaojun.crm.service.impl.IDepartmentServiceImpl:List top.lishaojun.crm.service.IDepartmentService.selectAll()','[]'),(939,1,'2019-09-28 20:53:50','0:0:0:0:0:0:0:1','class top.lishaojun.crm.service.impl.IRoleServiceImpl:List top.lishaojun.crm.service.IRoleService.selectAll()','[]'),(940,1,'2019-09-28 20:53:51','0:0:0:0:0:0:0:1','class top.lishaojun.crm.service.impl.IEmployeeServiceImpl:PageResult top.lishaojun.crm.service.IEmployeeService.selectByCondition(QueryObject)','[{\"page\":1,\"rows\":10}]'),(941,1,'2019-09-28 20:56:27','0:0:0:0:0:0:0:1','class top.lishaojun.crm.service.impl.IDepartmentServiceImpl:List top.lishaojun.crm.service.IDepartmentService.selectAll()','[]'),(942,1,'2019-09-28 20:56:27','0:0:0:0:0:0:0:1','class top.lishaojun.crm.service.impl.IRoleServiceImpl:List top.lishaojun.crm.service.IRoleService.selectAll()','[]'),(943,1,'2019-09-28 20:56:27','0:0:0:0:0:0:0:1','class top.lishaojun.crm.service.impl.IEmployeeServiceImpl:PageResult top.lishaojun.crm.service.IEmployeeService.selectByCondition(QueryObject)','[{\"page\":1,\"rows\":10}]'),(944,1,'2019-09-28 20:56:30','0:0:0:0:0:0:0:1','class top.lishaojun.crm.service.impl.IDepartmentServiceImpl:List top.lishaojun.crm.service.IDepartmentService.selectAll()','[]'),(945,1,'2019-09-28 20:56:30','0:0:0:0:0:0:0:1','class top.lishaojun.crm.service.impl.IRoleServiceImpl:List top.lishaojun.crm.service.IRoleService.selectAll()','[]'),(946,1,'2019-09-28 20:56:30','0:0:0:0:0:0:0:1','class top.lishaojun.crm.service.impl.IEmployeeServiceImpl:PageResult top.lishaojun.crm.service.IEmployeeService.selectByCondition(QueryObject)','[{\"page\":1,\"rows\":10}]'),(947,1,'2019-09-28 20:56:30','0:0:0:0:0:0:0:1','class top.lishaojun.crm.service.impl.IDepartmentServiceImpl:List top.lishaojun.crm.service.IDepartmentService.selectAll()','[]'),(948,1,'2019-09-28 20:56:30','0:0:0:0:0:0:0:1','class top.lishaojun.crm.service.impl.IRoleServiceImpl:List top.lishaojun.crm.service.IRoleService.selectAll()','[]'),(949,1,'2019-09-28 20:56:30','0:0:0:0:0:0:0:1','class top.lishaojun.crm.service.impl.IEmployeeServiceImpl:PageResult top.lishaojun.crm.service.IEmployeeService.selectByCondition(QueryObject)','[{\"page\":1,\"rows\":10}]'),(950,1,'2019-09-28 20:56:35','0:0:0:0:0:0:0:1','class top.lishaojun.crm.service.impl.IEmployeeServiceImpl:List top.lishaojun.crm.service.IEmployeeService.queryRoleIdByEid(long)','[1]'),(951,1,'2019-09-28 20:56:38','0:0:0:0:0:0:0:1','class top.lishaojun.crm.service.impl.IEmployeeServiceImpl:List top.lishaojun.crm.service.IEmployeeService.queryRoleIdByEid(long)','[45]'),(952,1,'2019-09-28 20:56:45','0:0:0:0:0:0:0:1','class top.lishaojun.crm.service.impl.IDepartmentServiceImpl:List top.lishaojun.crm.service.IDepartmentService.selectAll()','[]'),(953,1,'2019-09-28 20:56:45','0:0:0:0:0:0:0:1','class top.lishaojun.crm.service.impl.IRoleServiceImpl:List top.lishaojun.crm.service.IRoleService.selectAll()','[]'),(954,1,'2019-09-28 20:56:45','0:0:0:0:0:0:0:1','class top.lishaojun.crm.service.impl.IEmployeeServiceImpl:PageResult top.lishaojun.crm.service.IEmployeeService.selectByCondition(QueryObject)','[{\"page\":1,\"rows\":10}]'),(955,1,'2019-09-28 20:58:13','0:0:0:0:0:0:0:1','class top.lishaojun.crm.service.impl.IDepartmentServiceImpl:List top.lishaojun.crm.service.IDepartmentService.selectAll()','[]'),(956,1,'2019-09-28 20:58:13','0:0:0:0:0:0:0:1','class top.lishaojun.crm.service.impl.IRoleServiceImpl:List top.lishaojun.crm.service.IRoleService.selectAll()','[]'),(957,1,'2019-09-28 20:58:13','0:0:0:0:0:0:0:1','class top.lishaojun.crm.service.impl.IEmployeeServiceImpl:PageResult top.lishaojun.crm.service.IEmployeeService.selectByCondition(QueryObject)','[{\"page\":1,\"rows\":10}]'),(958,1,'2019-09-28 20:58:22','0:0:0:0:0:0:0:1','class top.lishaojun.crm.service.impl.IEmployeeServiceImpl:List top.lishaojun.crm.service.IEmployeeService.queryRoleIdByEid(long)','[45]'),(959,NULL,'2019-09-28 20:58:58','0:0:0:0:0:0:0:1','class top.lishaojun.crm.service.impl.IEmployeeServiceImpl:Employee top.lishaojun.crm.service.IEmployeeService.getLogin(String,String)','[\"admin\",\"123\"]'),(960,1,'2019-09-28 20:59:00','0:0:0:0:0:0:0:1','class top.lishaojun.crm.service.impl.IDepartmentServiceImpl:List top.lishaojun.crm.service.IDepartmentService.selectAll()','[]'),(961,1,'2019-09-28 20:59:00','0:0:0:0:0:0:0:1','class top.lishaojun.crm.service.impl.IRoleServiceImpl:List top.lishaojun.crm.service.IRoleService.selectAll()','[]'),(962,1,'2019-09-28 20:59:01','0:0:0:0:0:0:0:1','class top.lishaojun.crm.service.impl.IEmployeeServiceImpl:PageResult top.lishaojun.crm.service.IEmployeeService.selectByCondition(QueryObject)','[{\"page\":1,\"rows\":10}]'),(963,1,'2019-09-28 20:59:07','0:0:0:0:0:0:0:1','class top.lishaojun.crm.service.impl.IEmployeeServiceImpl:List top.lishaojun.crm.service.IEmployeeService.queryRoleIdByEid(long)','[45]'),(964,1,'2019-09-28 20:59:16','0:0:0:0:0:0:0:1','class top.lishaojun.crm.service.impl.IDepartmentServiceImpl:List top.lishaojun.crm.service.IDepartmentService.selectAll()','[]'),(965,1,'2019-09-28 20:59:16','0:0:0:0:0:0:0:1','class top.lishaojun.crm.service.impl.IRoleServiceImpl:List top.lishaojun.crm.service.IRoleService.selectAll()','[]'),(966,1,'2019-09-28 20:59:17','0:0:0:0:0:0:0:1','class top.lishaojun.crm.service.impl.IEmployeeServiceImpl:PageResult top.lishaojun.crm.service.IEmployeeService.selectByCondition(QueryObject)','[{\"page\":1,\"rows\":10}]'),(967,1,'2019-09-28 20:59:20','0:0:0:0:0:0:0:1','class top.lishaojun.crm.service.impl.IEmployeeServiceImpl:PageResult top.lishaojun.crm.service.IEmployeeService.selectByCondition(QueryObject)','[{\"page\":1,\"rows\":10}]'),(968,1,'2019-09-28 20:59:56','0:0:0:0:0:0:0:1','class top.lishaojun.crm.service.impl.IEmployeeServiceImpl:PageResult top.lishaojun.crm.service.IEmployeeService.selectByCondition(QueryObject)','[{\"page\":1,\"rows\":10}]'),(969,1,'2019-09-28 21:03:02','0:0:0:0:0:0:0:1','class top.lishaojun.crm.service.impl.IEmployeeServiceImpl:List top.lishaojun.crm.service.IEmployeeService.queryRoleIdByEid(long)','[1]'),(970,1,'2019-09-28 21:03:11','0:0:0:0:0:0:0:1','class top.lishaojun.crm.service.impl.IEmployeeServiceImpl:List top.lishaojun.crm.service.IEmployeeService.queryRoleIdByEid(long)','[45]'),(971,1,'2019-09-28 21:03:15','0:0:0:0:0:0:0:1','class top.lishaojun.crm.service.impl.IEmployeeServiceImpl:List top.lishaojun.crm.service.IEmployeeService.queryRoleIdByEid(long)','[2]'),(972,1,'2019-09-28 21:03:30','0:0:0:0:0:0:0:1','class top.lishaojun.crm.service.impl.IEmployeeServiceImpl:List top.lishaojun.crm.service.IEmployeeService.queryRoleIdByEid(long)','[1]'),(973,1,'2019-09-28 21:03:38','0:0:0:0:0:0:0:1','class top.lishaojun.crm.service.impl.IEmployeeServiceImpl:List top.lishaojun.crm.service.IEmployeeService.queryRoleIdByEid(long)','[1]'),(974,1,'2019-09-28 21:03:52','0:0:0:0:0:0:0:1','class top.lishaojun.crm.service.impl.IEmployeeServiceImpl:List top.lishaojun.crm.service.IEmployeeService.queryRoleIdByEid(long)','[1]'),(975,1,'2019-09-28 21:04:02','0:0:0:0:0:0:0:1','class top.lishaojun.crm.service.impl.IEmployeeServiceImpl:List top.lishaojun.crm.service.IEmployeeService.queryRoleIdByEid(long)','[45]'),(976,1,'2019-09-28 21:04:08','0:0:0:0:0:0:0:1','class top.lishaojun.crm.service.impl.IEmployeeServiceImpl:List top.lishaojun.crm.service.IEmployeeService.queryRoleIdByEid(long)','[2]'),(977,1,'2019-09-28 21:08:16','0:0:0:0:0:0:0:1','class top.lishaojun.crm.service.impl.IDepartmentServiceImpl:List top.lishaojun.crm.service.IDepartmentService.selectAll()','[]'),(978,1,'2019-09-28 21:08:16','0:0:0:0:0:0:0:1','class top.lishaojun.crm.service.impl.IRoleServiceImpl:List top.lishaojun.crm.service.IRoleService.selectAll()','[]'),(979,1,'2019-09-28 21:08:16','0:0:0:0:0:0:0:1','class top.lishaojun.crm.service.impl.IEmployeeServiceImpl:PageResult top.lishaojun.crm.service.IEmployeeService.selectByCondition(QueryObject)','[{\"page\":1,\"rows\":10}]'),(980,1,'2019-09-28 21:08:44','0:0:0:0:0:0:0:1','class top.lishaojun.crm.service.impl.IDepartmentServiceImpl:List top.lishaojun.crm.service.IDepartmentService.selectAll()','[]'),(981,1,'2019-09-28 21:08:44','0:0:0:0:0:0:0:1','class top.lishaojun.crm.service.impl.IRoleServiceImpl:List top.lishaojun.crm.service.IRoleService.selectAll()','[]'),(982,1,'2019-09-28 21:08:44','0:0:0:0:0:0:0:1','class top.lishaojun.crm.service.impl.IEmployeeServiceImpl:PageResult top.lishaojun.crm.service.IEmployeeService.selectByCondition(QueryObject)','[{\"page\":1,\"rows\":10}]'),(983,1,'2019-09-28 21:08:53','0:0:0:0:0:0:0:1','class top.lishaojun.crm.service.impl.IDepartmentServiceImpl:List top.lishaojun.crm.service.IDepartmentService.selectAll()','[]'),(984,1,'2019-09-28 21:08:53','0:0:0:0:0:0:0:1','class top.lishaojun.crm.service.impl.IRoleServiceImpl:List top.lishaojun.crm.service.IRoleService.selectAll()','[]'),(985,1,'2019-09-28 21:08:53','0:0:0:0:0:0:0:1','class top.lishaojun.crm.service.impl.IEmployeeServiceImpl:PageResult top.lishaojun.crm.service.IEmployeeService.selectByCondition(QueryObject)','[{\"page\":1,\"rows\":10}]'),(986,1,'2019-09-28 21:10:56','0:0:0:0:0:0:0:1','class top.lishaojun.crm.service.impl.IDepartmentServiceImpl:List top.lishaojun.crm.service.IDepartmentService.selectAll()','[]'),(987,1,'2019-09-28 21:10:56','0:0:0:0:0:0:0:1','class top.lishaojun.crm.service.impl.IRoleServiceImpl:List top.lishaojun.crm.service.IRoleService.selectAll()','[]'),(988,1,'2019-09-28 21:10:57','0:0:0:0:0:0:0:1','class top.lishaojun.crm.service.impl.IEmployeeServiceImpl:PageResult top.lishaojun.crm.service.IEmployeeService.selectByCondition(QueryObject)','[{\"page\":1,\"rows\":10}]'),(989,1,'2019-09-28 21:11:06','0:0:0:0:0:0:0:1','class top.lishaojun.crm.service.impl.IEmployeeServiceImpl:List top.lishaojun.crm.service.IEmployeeService.queryRoleIdByEid(long)','[1]'),(990,1,'2019-09-28 21:12:11','0:0:0:0:0:0:0:1','class top.lishaojun.crm.service.impl.IDepartmentServiceImpl:List top.lishaojun.crm.service.IDepartmentService.selectAll()','[]'),(991,1,'2019-09-28 21:12:11','0:0:0:0:0:0:0:1','class top.lishaojun.crm.service.impl.IRoleServiceImpl:List top.lishaojun.crm.service.IRoleService.selectAll()','[]'),(992,1,'2019-09-28 21:12:12','0:0:0:0:0:0:0:1','class top.lishaojun.crm.service.impl.IEmployeeServiceImpl:PageResult top.lishaojun.crm.service.IEmployeeService.selectByCondition(QueryObject)','[{\"page\":1,\"rows\":10}]'),(993,1,'2019-09-28 21:12:17','0:0:0:0:0:0:0:1','class top.lishaojun.crm.service.impl.IEmployeeServiceImpl:List top.lishaojun.crm.service.IEmployeeService.queryRoleIdByEid(long)','[2]'),(994,1,'2019-09-28 21:12:22','0:0:0:0:0:0:0:1','class top.lishaojun.crm.service.impl.IDepartmentServiceImpl:List top.lishaojun.crm.service.IDepartmentService.selectAll()','[]'),(995,1,'2019-09-28 21:12:22','0:0:0:0:0:0:0:1','class top.lishaojun.crm.service.impl.IRoleServiceImpl:List top.lishaojun.crm.service.IRoleService.selectAll()','[]'),(996,1,'2019-09-28 21:12:23','0:0:0:0:0:0:0:1','class top.lishaojun.crm.service.impl.IEmployeeServiceImpl:PageResult top.lishaojun.crm.service.IEmployeeService.selectByCondition(QueryObject)','[{\"page\":1,\"rows\":10}]'),(997,1,'2019-09-28 21:12:27','0:0:0:0:0:0:0:1','class top.lishaojun.crm.service.impl.IEmployeeServiceImpl:List top.lishaojun.crm.service.IEmployeeService.queryRoleIdByEid(long)','[1]'),(998,1,'2019-09-28 21:15:38','0:0:0:0:0:0:0:1','class top.lishaojun.crm.service.impl.IEmployeeServiceImpl:List top.lishaojun.crm.service.IEmployeeService.queryRoleIdByEid(long)','[2]'),(999,1,'2019-09-28 21:15:53','0:0:0:0:0:0:0:1','class top.lishaojun.crm.service.impl.IEmployeeServiceImpl:List top.lishaojun.crm.service.IEmployeeService.queryRoleIdByEid(long)','[2]'),(1000,1,'2019-09-28 21:16:57','0:0:0:0:0:0:0:1','class top.lishaojun.crm.service.impl.IDepartmentServiceImpl:List top.lishaojun.crm.service.IDepartmentService.selectAll()','[]'),(1001,1,'2019-09-28 21:16:57','0:0:0:0:0:0:0:1','class top.lishaojun.crm.service.impl.IRoleServiceImpl:List top.lishaojun.crm.service.IRoleService.selectAll()','[]'),(1002,1,'2019-09-28 21:16:57','0:0:0:0:0:0:0:1','class top.lishaojun.crm.service.impl.IEmployeeServiceImpl:PageResult top.lishaojun.crm.service.IEmployeeService.selectByCondition(QueryObject)','[{\"page\":1,\"rows\":10}]'),(1003,1,'2019-09-28 21:17:01','0:0:0:0:0:0:0:1','class top.lishaojun.crm.service.impl.IEmployeeServiceImpl:List top.lishaojun.crm.service.IEmployeeService.queryRoleIdByEid(long)','[1]'),(1004,1,'2019-09-28 21:17:48','0:0:0:0:0:0:0:1','class top.lishaojun.crm.service.impl.IDepartmentServiceImpl:List top.lishaojun.crm.service.IDepartmentService.selectAll()','[]'),(1005,1,'2019-09-28 21:17:48','0:0:0:0:0:0:0:1','class top.lishaojun.crm.service.impl.IRoleServiceImpl:List top.lishaojun.crm.service.IRoleService.selectAll()','[]'),(1006,1,'2019-09-28 21:17:48','0:0:0:0:0:0:0:1','class top.lishaojun.crm.service.impl.IEmployeeServiceImpl:PageResult top.lishaojun.crm.service.IEmployeeService.selectByCondition(QueryObject)','[{\"page\":1,\"rows\":10}]'),(1007,1,'2019-09-28 21:17:50','0:0:0:0:0:0:0:1','class top.lishaojun.crm.service.impl.IDepartmentServiceImpl:List top.lishaojun.crm.service.IDepartmentService.selectAll()','[]'),(1008,1,'2019-09-28 21:17:50','0:0:0:0:0:0:0:1','class top.lishaojun.crm.service.impl.IRoleServiceImpl:List top.lishaojun.crm.service.IRoleService.selectAll()','[]'),(1009,1,'2019-09-28 21:17:51','0:0:0:0:0:0:0:1','class top.lishaojun.crm.service.impl.IEmployeeServiceImpl:PageResult top.lishaojun.crm.service.IEmployeeService.selectByCondition(QueryObject)','[{\"page\":1,\"rows\":10}]'),(1010,1,'2019-09-28 21:17:54','0:0:0:0:0:0:0:1','class top.lishaojun.crm.service.impl.IEmployeeServiceImpl:List top.lishaojun.crm.service.IEmployeeService.queryRoleIdByEid(long)','[2]'),(1011,1,'2019-09-28 21:18:10','0:0:0:0:0:0:0:1','class top.lishaojun.crm.service.impl.IDepartmentServiceImpl:List top.lishaojun.crm.service.IDepartmentService.selectAll()','[]'),(1012,1,'2019-09-28 21:18:10','0:0:0:0:0:0:0:1','class top.lishaojun.crm.service.impl.IRoleServiceImpl:List top.lishaojun.crm.service.IRoleService.selectAll()','[]'),(1013,1,'2019-09-28 21:18:10','0:0:0:0:0:0:0:1','class top.lishaojun.crm.service.impl.IEmployeeServiceImpl:PageResult top.lishaojun.crm.service.IEmployeeService.selectByCondition(QueryObject)','[{\"page\":1,\"rows\":10}]'),(1014,1,'2019-09-28 21:18:12','0:0:0:0:0:0:0:1','class top.lishaojun.crm.service.impl.IDepartmentServiceImpl:List top.lishaojun.crm.service.IDepartmentService.selectAll()','[]'),(1015,1,'2019-09-28 21:18:12','0:0:0:0:0:0:0:1','class top.lishaojun.crm.service.impl.IRoleServiceImpl:List top.lishaojun.crm.service.IRoleService.selectAll()','[]'),(1016,1,'2019-09-28 21:18:12','0:0:0:0:0:0:0:1','class top.lishaojun.crm.service.impl.IEmployeeServiceImpl:PageResult top.lishaojun.crm.service.IEmployeeService.selectByCondition(QueryObject)','[{\"page\":1,\"rows\":10}]'),(1017,1,'2019-09-28 21:18:17','0:0:0:0:0:0:0:1','class top.lishaojun.crm.service.impl.IEmployeeServiceImpl:List top.lishaojun.crm.service.IEmployeeService.queryRoleIdByEid(long)','[2]'),(1018,1,'2019-09-28 21:18:40','0:0:0:0:0:0:0:1','class top.lishaojun.crm.service.impl.IDepartmentServiceImpl:List top.lishaojun.crm.service.IDepartmentService.selectAll()','[]'),(1019,1,'2019-09-28 21:18:40','0:0:0:0:0:0:0:1','class top.lishaojun.crm.service.impl.IRoleServiceImpl:List top.lishaojun.crm.service.IRoleService.selectAll()','[]'),(1020,1,'2019-09-28 21:18:40','0:0:0:0:0:0:0:1','class top.lishaojun.crm.service.impl.IEmployeeServiceImpl:PageResult top.lishaojun.crm.service.IEmployeeService.selectByCondition(QueryObject)','[{\"page\":1,\"rows\":10}]'),(1021,1,'2019-09-28 21:18:43','0:0:0:0:0:0:0:1','class top.lishaojun.crm.service.impl.IEmployeeServiceImpl:List top.lishaojun.crm.service.IEmployeeService.queryRoleIdByEid(long)','[1]'),(1022,1,'2019-09-28 21:19:12','0:0:0:0:0:0:0:1','class top.lishaojun.crm.service.impl.IDepartmentServiceImpl:List top.lishaojun.crm.service.IDepartmentService.selectAll()','[]'),(1023,1,'2019-09-28 21:19:12','0:0:0:0:0:0:0:1','class top.lishaojun.crm.service.impl.IRoleServiceImpl:List top.lishaojun.crm.service.IRoleService.selectAll()','[]'),(1024,1,'2019-09-28 21:19:13','0:0:0:0:0:0:0:1','class top.lishaojun.crm.service.impl.IEmployeeServiceImpl:PageResult top.lishaojun.crm.service.IEmployeeService.selectByCondition(QueryObject)','[{\"page\":1,\"rows\":10}]'),(1025,1,'2019-09-28 21:19:15','0:0:0:0:0:0:0:1','class top.lishaojun.crm.service.impl.IEmployeeServiceImpl:List top.lishaojun.crm.service.IEmployeeService.queryRoleIdByEid(long)','[1]'),(1026,1,'2019-09-28 21:21:06','0:0:0:0:0:0:0:1','class top.lishaojun.crm.service.impl.IEmployeeServiceImpl:List top.lishaojun.crm.service.IEmployeeService.queryRoleIdByEid(long)','[1]'),(1027,NULL,'2019-09-28 21:24:45','0:0:0:0:0:0:0:1','class top.lishaojun.crm.service.impl.IEmployeeServiceImpl:Employee top.lishaojun.crm.service.IEmployeeService.getLogin(String,String)','[\"admin\",\"123\"]'),(1028,1,'2019-09-28 21:24:52','0:0:0:0:0:0:0:1','class top.lishaojun.crm.service.impl.IPermissionServiceImpl:PageResult top.lishaojun.crm.service.IPermissionService.selectByCondition(QueryObject)','[{\"page\":1,\"rows\":10}]'),(1029,1,'2019-09-28 21:24:52','0:0:0:0:0:0:0:1','class top.lishaojun.crm.service.impl.IRoleServiceImpl:PageResult top.lishaojun.crm.service.IRoleService.selectByCondition(QueryObject)','[{\"page\":1,\"rows\":10}]'),(1030,1,'2019-09-28 21:25:03','0:0:0:0:0:0:0:1','class top.lishaojun.crm.service.impl.IDepartmentServiceImpl:List top.lishaojun.crm.service.IDepartmentService.selectAll()','[]'),(1031,1,'2019-09-28 21:25:03','0:0:0:0:0:0:0:1','class top.lishaojun.crm.service.impl.IRoleServiceImpl:List top.lishaojun.crm.service.IRoleService.selectAll()','[]'),(1032,1,'2019-09-28 21:25:04','0:0:0:0:0:0:0:1','class top.lishaojun.crm.service.impl.IEmployeeServiceImpl:PageResult top.lishaojun.crm.service.IEmployeeService.selectByCondition(QueryObject)','[{\"page\":1,\"rows\":10}]'),(1033,1,'2019-09-28 21:25:10','0:0:0:0:0:0:0:1','class top.lishaojun.crm.service.impl.IEmployeeServiceImpl:List top.lishaojun.crm.service.IEmployeeService.queryRoleIdByEid(long)','[1]'),(1034,1,'2019-09-28 21:25:16','0:0:0:0:0:0:0:1','class top.lishaojun.crm.service.impl.IEmployeeServiceImpl:List top.lishaojun.crm.service.IEmployeeService.queryRoleIdByEid(long)','[45]'),(1035,1,'2019-09-28 21:25:21','0:0:0:0:0:0:0:1','class top.lishaojun.crm.service.impl.IEmployeeServiceImpl:int top.lishaojun.crm.service.IEmployeeService.update(Employee)','[{\"id\":45,\"username\":\"test\",\"realname\":\"牟孙凡\",\"tel\":\"18802902155\",\"email\":\"lishaojun412@163.com\",\"dept\":{\"id\":2},\"roles\":[{\"id\":6}]}]'),(1036,1,'2019-09-28 21:25:21','0:0:0:0:0:0:0:1','class top.lishaojun.crm.service.impl.IEmployeeServiceImpl:PageResult top.lishaojun.crm.service.IEmployeeService.selectByCondition(QueryObject)','[{\"page\":1,\"rows\":10}]'),(1037,1,'2019-09-28 21:25:25','0:0:0:0:0:0:0:1','class top.lishaojun.crm.service.impl.IEmployeeServiceImpl:List top.lishaojun.crm.service.IEmployeeService.queryRoleIdByEid(long)','[45]'),(1038,1,'2019-09-28 21:25:28','0:0:0:0:0:0:0:1','class top.lishaojun.crm.service.impl.IEmployeeServiceImpl:List top.lishaojun.crm.service.IEmployeeService.queryRoleIdByEid(long)','[45]'),(1039,1,'2019-09-28 21:25:35','0:0:0:0:0:0:0:1','class top.lishaojun.crm.service.impl.IDepartmentServiceImpl:List top.lishaojun.crm.service.IDepartmentService.selectAll()','[]'),(1040,1,'2019-09-28 21:25:35','0:0:0:0:0:0:0:1','class top.lishaojun.crm.service.impl.IRoleServiceImpl:List top.lishaojun.crm.service.IRoleService.selectAll()','[]'),(1041,1,'2019-09-28 21:25:35','0:0:0:0:0:0:0:1','class top.lishaojun.crm.service.impl.IEmployeeServiceImpl:PageResult top.lishaojun.crm.service.IEmployeeService.selectByCondition(QueryObject)','[{\"page\":1,\"rows\":10}]'),(1042,1,'2019-09-28 21:25:47','0:0:0:0:0:0:0:1','class top.lishaojun.crm.service.impl.IEmployeeServiceImpl:PageResult top.lishaojun.crm.service.IEmployeeService.selectByCondition(QueryObject)','[{\"page\":1,\"rows\":10}]'),(1043,1,'2019-09-28 21:25:55','0:0:0:0:0:0:0:1','class top.lishaojun.crm.service.impl.IEmployeeServiceImpl:List top.lishaojun.crm.service.IEmployeeService.queryRoleIdByEid(long)','[45]'),(1044,1,'2019-09-28 21:26:02','0:0:0:0:0:0:0:1','class top.lishaojun.crm.service.impl.IEmployeeServiceImpl:int top.lishaojun.crm.service.IEmployeeService.update(Employee)','[{\"id\":45,\"username\":\"test\",\"realname\":\"牟孙凡\",\"tel\":\"18802902155\",\"email\":\"lishaojun412@163.com\",\"dept\":{\"id\":2},\"roles\":[{\"id\":7}]}]'),(1045,1,'2019-09-28 21:26:02','0:0:0:0:0:0:0:1','class top.lishaojun.crm.service.impl.IEmployeeServiceImpl:PageResult top.lishaojun.crm.service.IEmployeeService.selectByCondition(QueryObject)','[{\"page\":1,\"rows\":10}]'),(1046,1,'2019-09-28 21:26:05','0:0:0:0:0:0:0:1','class top.lishaojun.crm.service.impl.IEmployeeServiceImpl:PageResult top.lishaojun.crm.service.IEmployeeService.selectByCondition(QueryObject)','[{\"page\":1,\"rows\":10}]'),(1047,1,'2019-09-28 21:26:07','0:0:0:0:0:0:0:1','class top.lishaojun.crm.service.impl.IEmployeeServiceImpl:List top.lishaojun.crm.service.IEmployeeService.queryRoleIdByEid(long)','[45]'),(1048,1,'2019-09-28 21:26:24','0:0:0:0:0:0:0:1','class top.lishaojun.crm.service.impl.IDepartmentServiceImpl:List top.lishaojun.crm.service.IDepartmentService.selectAll()','[]'),(1049,1,'2019-09-28 21:26:24','0:0:0:0:0:0:0:1','class top.lishaojun.crm.service.impl.IRoleServiceImpl:List top.lishaojun.crm.service.IRoleService.selectAll()','[]'),(1050,1,'2019-09-28 21:26:24','0:0:0:0:0:0:0:1','class top.lishaojun.crm.service.impl.IEmployeeServiceImpl:PageResult top.lishaojun.crm.service.IEmployeeService.selectByCondition(QueryObject)','[{\"page\":1,\"rows\":10}]'),(1051,NULL,'2019-09-28 21:34:47','0:0:0:0:0:0:0:1','class top.lishaojun.crm.service.impl.IEmployeeServiceImpl:Employee top.lishaojun.crm.service.IEmployeeService.getLogin(String,String)','[\"admin\",\"123\"]'),(1052,1,'2019-09-28 21:34:50','0:0:0:0:0:0:0:1','class top.lishaojun.crm.service.impl.IRoleServiceImpl:List top.lishaojun.crm.service.IRoleService.selectAll()','[]'),(1053,1,'2019-09-28 21:34:50','0:0:0:0:0:0:0:1','class top.lishaojun.crm.service.impl.IDepartmentServiceImpl:List top.lishaojun.crm.service.IDepartmentService.selectAll()','[]'),(1054,1,'2019-09-28 21:34:51','0:0:0:0:0:0:0:1','class top.lishaojun.crm.service.impl.IEmployeeServiceImpl:PageResult top.lishaojun.crm.service.IEmployeeService.selectByCondition(QueryObject)','[{\"page\":1,\"rows\":10}]'),(1055,1,'2019-09-28 21:34:53','0:0:0:0:0:0:0:1','class top.lishaojun.crm.service.impl.IEmployeeServiceImpl:List top.lishaojun.crm.service.IEmployeeService.queryRoleIdByEid(long)','[45]'),(1056,1,'2019-09-28 21:34:58','0:0:0:0:0:0:0:1','class top.lishaojun.crm.service.impl.IEmployeeServiceImpl:int top.lishaojun.crm.service.IEmployeeService.update(Employee)','[{\"id\":45,\"username\":\"test\",\"realname\":\"牟孙\",\"tel\":\"18802902155\",\"email\":\"lishaojun412@163.com\",\"dept\":{\"id\":2},\"roles\":[{\"id\":7}]}]'),(1057,1,'2019-09-28 21:34:58','0:0:0:0:0:0:0:1','class top.lishaojun.crm.service.impl.IEmployeeServiceImpl:PageResult top.lishaojun.crm.service.IEmployeeService.selectByCondition(QueryObject)','[{\"page\":1,\"rows\":10}]'),(1058,NULL,'2019-09-28 21:39:47','0:0:0:0:0:0:0:1','class top.lishaojun.crm.service.impl.IEmployeeServiceImpl:Employee top.lishaojun.crm.service.IEmployeeService.getLogin(String,String)','[\"test\",\"test\"]'),(1059,NULL,'2019-09-28 21:40:17','0:0:0:0:0:0:0:1','class top.lishaojun.crm.service.impl.IEmployeeServiceImpl:Employee top.lishaojun.crm.service.IEmployeeService.getLogin(String,String)','[\"admin\",\"123\"]'),(1060,1,'2019-09-28 21:40:27','0:0:0:0:0:0:0:1','class top.lishaojun.crm.service.impl.IDepartmentServiceImpl:List top.lishaojun.crm.service.IDepartmentService.selectAll()','[]'),(1061,1,'2019-09-28 21:40:27','0:0:0:0:0:0:0:1','class top.lishaojun.crm.service.impl.IRoleServiceImpl:List top.lishaojun.crm.service.IRoleService.selectAll()','[]'),(1062,1,'2019-09-28 21:40:28','0:0:0:0:0:0:0:1','class top.lishaojun.crm.service.impl.IEmployeeServiceImpl:PageResult top.lishaojun.crm.service.IEmployeeService.selectByCondition(QueryObject)','[{\"page\":1,\"rows\":10}]'),(1063,1,'2019-09-28 21:40:31','0:0:0:0:0:0:0:1','class top.lishaojun.crm.service.impl.IEmployeeServiceImpl:List top.lishaojun.crm.service.IEmployeeService.queryRoleIdByEid(long)','[45]'),(1064,1,'2019-09-28 21:40:34','0:0:0:0:0:0:0:1','class top.lishaojun.crm.service.impl.IEmployeeServiceImpl:int top.lishaojun.crm.service.IEmployeeService.update(Employee)','[{\"id\":45,\"username\":\"test\",\"realname\":\"牟\",\"tel\":\"18802902155\",\"email\":\"lishaojun412@163.com\",\"dept\":{\"id\":2},\"roles\":[{\"id\":7}]}]'),(1065,1,'2019-09-28 21:40:34','0:0:0:0:0:0:0:1','class top.lishaojun.crm.service.impl.IEmployeeServiceImpl:PageResult top.lishaojun.crm.service.IEmployeeService.selectByCondition(QueryObject)','[{\"page\":1,\"rows\":10}]'),(1066,NULL,'2019-10-03 22:49:13','0:0:0:0:0:0:0:1','class top.lishaojun.crm.service.impl.IEmployeeServiceImpl:Employee top.lishaojun.crm.service.IEmployeeService.getLogin(String,String)','[\"admin\",\"123\"]'),(1067,1,'2019-10-03 22:49:13','0:0:0:0:0:0:0:1','class top.lishaojun.crm.service.impl.IMenuServiceImpl:List top.lishaojun.crm.service.IMenuService.queryMenu()','[]'),(1068,1,'2019-10-03 22:49:16','0:0:0:0:0:0:0:1','class top.lishaojun.crm.service.impl.IDepartmentServiceImpl:List top.lishaojun.crm.service.IDepartmentService.selectAll()','[]'),(1069,1,'2019-10-03 22:49:16','0:0:0:0:0:0:0:1','class top.lishaojun.crm.service.impl.IRoleServiceImpl:List top.lishaojun.crm.service.IRoleService.selectAll()','[]'),(1070,1,'2019-10-03 22:49:17','0:0:0:0:0:0:0:1','class top.lishaojun.crm.service.impl.IEmployeeServiceImpl:PageResult top.lishaojun.crm.service.IEmployeeService.selectByCondition(QueryObject)','[{\"page\":1,\"rows\":10}]'),(1071,1,'2019-10-03 22:49:31','0:0:0:0:0:0:0:1','class top.lishaojun.crm.service.impl.IEmployeeServiceImpl:Employee top.lishaojun.crm.service.IEmployeeService.getLogin(String,String)','[\"test\",\"123\"]'),(1072,2,'2019-10-03 22:49:31','0:0:0:0:0:0:0:1','class top.lishaojun.crm.service.impl.IMenuServiceImpl:List top.lishaojun.crm.service.IMenuService.queryMenu()','[]'),(1073,2,'2019-10-03 22:49:31','0:0:0:0:0:0:0:1','class top.lishaojun.crm.service.impl.IPermissionServiceImpl:Permission top.lishaojun.crm.service.IPermissionService.queryByResource(String)','[null]'),(1074,2,'2019-10-03 22:49:31','0:0:0:0:0:0:0:1','class top.lishaojun.crm.service.impl.IPermissionServiceImpl:Permission top.lishaojun.crm.service.IPermissionService.queryByResource(String)','[null]'),(1075,2,'2019-10-03 22:49:31','0:0:0:0:0:0:0:1','class top.lishaojun.crm.service.impl.IPermissionServiceImpl:Permission top.lishaojun.crm.service.IPermissionService.queryByResource(String)','[null]'),(1076,2,'2019-10-03 22:49:31','0:0:0:0:0:0:0:1','class top.lishaojun.crm.service.impl.IPermissionServiceImpl:Permission top.lishaojun.crm.service.IPermissionService.queryByResource(String)','[\"top.lishaojun.crm.web.controller.PermissionController:index\"]'),(1077,2,'2019-10-03 22:49:31','0:0:0:0:0:0:0:1','class top.lishaojun.crm.service.impl.IPermissionServiceImpl:List top.lishaojun.crm.service.IPermissionService.queryPermissionByEid(Long)','[2]'),(1078,2,'2019-10-03 22:49:31','0:0:0:0:0:0:0:1','class top.lishaojun.crm.service.impl.IPermissionServiceImpl:Permission top.lishaojun.crm.service.IPermissionService.queryByResource(String)','[\"top.lishaojun.crm.web.controller.RoleController:index\"]'),(1079,2,'2019-10-03 22:49:31','0:0:0:0:0:0:0:1','class top.lishaojun.crm.service.impl.IPermissionServiceImpl:List top.lishaojun.crm.service.IPermissionService.queryPermissionByEid(Long)','[2]'),(1080,2,'2019-10-03 22:49:31','0:0:0:0:0:0:0:1','class top.lishaojun.crm.service.impl.IPermissionServiceImpl:Permission top.lishaojun.crm.service.IPermissionService.queryByResource(String)','[\"top.lishaojun.crm.web.controller.DepartmentController:index\"]'),(1081,2,'2019-10-03 22:49:31','0:0:0:0:0:0:0:1','class top.lishaojun.crm.service.impl.IPermissionServiceImpl:List top.lishaojun.crm.service.IPermissionService.queryPermissionByEid(Long)','[2]'),(1082,2,'2019-10-03 22:49:31','0:0:0:0:0:0:0:1','class top.lishaojun.crm.service.impl.IPermissionServiceImpl:Permission top.lishaojun.crm.service.IPermissionService.queryByResource(String)','[\"top.lishaojun.crm.web.controller.EmployeeController:index\"]'),(1083,2,'2019-10-03 22:49:31','0:0:0:0:0:0:0:1','class top.lishaojun.crm.service.impl.IPermissionServiceImpl:List top.lishaojun.crm.service.IPermissionService.queryPermissionByEid(Long)','[2]'),(1084,2,'2019-10-03 22:50:02','0:0:0:0:0:0:0:1','class top.lishaojun.crm.service.impl.IPermissionServiceImpl:Permission top.lishaojun.crm.service.IPermissionService.queryByResource(String)','[\"top.lishaojun.crm.web.controller.EmployeeController:save\"]'),(1085,2,'2019-10-03 22:50:02','0:0:0:0:0:0:0:1','class top.lishaojun.crm.service.impl.IPermissionServiceImpl:List top.lishaojun.crm.service.IPermissionService.queryPermissionByEid(Long)','[2]'),(1087,2,'2019-10-03 22:50:11','0:0:0:0:0:0:0:1','class top.lishaojun.crm.service.impl.IPermissionServiceImpl:Permission top.lishaojun.crm.service.IPermissionService.queryByResource(String)','[\"top.lishaojun.crm.web.controller.EmployeeController:save\"]'),(1088,2,'2019-10-03 22:50:11','0:0:0:0:0:0:0:1','class top.lishaojun.crm.service.impl.IPermissionServiceImpl:List top.lishaojun.crm.service.IPermissionService.queryPermissionByEid(Long)','[2]'),(1090,2,'2019-10-03 22:50:20','0:0:0:0:0:0:0:1','class top.lishaojun.crm.service.impl.IEmployeeServiceImpl:Employee top.lishaojun.crm.service.IEmployeeService.getLogin(String,String)','[\"test\",\"123\"]'),(1091,2,'2019-10-03 22:50:20','0:0:0:0:0:0:0:1','class top.lishaojun.crm.service.impl.IMenuServiceImpl:List top.lishaojun.crm.service.IMenuService.queryMenu()','[]'),(1092,2,'2019-10-03 22:50:20','0:0:0:0:0:0:0:1','class top.lishaojun.crm.service.impl.IPermissionServiceImpl:Permission top.lishaojun.crm.service.IPermissionService.queryByResource(String)','[null]'),(1093,2,'2019-10-03 22:50:20','0:0:0:0:0:0:0:1','class top.lishaojun.crm.service.impl.IPermissionServiceImpl:Permission top.lishaojun.crm.service.IPermissionService.queryByResource(String)','[null]'),(1094,2,'2019-10-03 22:50:20','0:0:0:0:0:0:0:1','class top.lishaojun.crm.service.impl.IPermissionServiceImpl:Permission top.lishaojun.crm.service.IPermissionService.queryByResource(String)','[null]'),(1095,2,'2019-10-03 22:50:20','0:0:0:0:0:0:0:1','class top.lishaojun.crm.service.impl.IPermissionServiceImpl:Permission top.lishaojun.crm.service.IPermissionService.queryByResource(String)','[\"top.lishaojun.crm.web.controller.PermissionController:index\"]'),(1096,2,'2019-10-03 22:50:20','0:0:0:0:0:0:0:1','class top.lishaojun.crm.service.impl.IPermissionServiceImpl:List top.lishaojun.crm.service.IPermissionService.queryPermissionByEid(Long)','[2]'),(1097,2,'2019-10-03 22:50:20','0:0:0:0:0:0:0:1','class top.lishaojun.crm.service.impl.IPermissionServiceImpl:Permission top.lishaojun.crm.service.IPermissionService.queryByResource(String)','[\"top.lishaojun.crm.web.controller.RoleController:index\"]'),(1098,2,'2019-10-03 22:50:20','0:0:0:0:0:0:0:1','class top.lishaojun.crm.service.impl.IPermissionServiceImpl:List top.lishaojun.crm.service.IPermissionService.queryPermissionByEid(Long)','[2]'),(1099,2,'2019-10-03 22:50:20','0:0:0:0:0:0:0:1','class top.lishaojun.crm.service.impl.IPermissionServiceImpl:Permission top.lishaojun.crm.service.IPermissionService.queryByResource(String)','[\"top.lishaojun.crm.web.controller.DepartmentController:index\"]'),(1100,2,'2019-10-03 22:50:20','0:0:0:0:0:0:0:1','class top.lishaojun.crm.service.impl.IPermissionServiceImpl:List top.lishaojun.crm.service.IPermissionService.queryPermissionByEid(Long)','[2]'),(1101,2,'2019-10-03 22:50:20','0:0:0:0:0:0:0:1','class top.lishaojun.crm.service.impl.IPermissionServiceImpl:Permission top.lishaojun.crm.service.IPermissionService.queryByResource(String)','[\"top.lishaojun.crm.web.controller.EmployeeController:index\"]'),(1102,2,'2019-10-03 22:50:21','0:0:0:0:0:0:0:1','class top.lishaojun.crm.service.impl.IPermissionServiceImpl:List top.lishaojun.crm.service.IPermissionService.queryPermissionByEid(Long)','[2]'),(1103,2,'2019-10-03 22:50:32','0:0:0:0:0:0:0:1','class top.lishaojun.crm.service.impl.IPermissionServiceImpl:Permission top.lishaojun.crm.service.IPermissionService.queryByResource(String)','[\"top.lishaojun.crm.web.controller.EmployeeController:save\"]'),(1104,2,'2019-10-03 22:50:32','0:0:0:0:0:0:0:1','class top.lishaojun.crm.service.impl.IPermissionServiceImpl:List top.lishaojun.crm.service.IPermissionService.queryPermissionByEid(Long)','[2]'),(1106,2,'2019-10-03 22:50:49','0:0:0:0:0:0:0:1','class top.lishaojun.crm.service.impl.IPermissionServiceImpl:Permission top.lishaojun.crm.service.IPermissionService.queryByResource(String)','[\"top.lishaojun.crm.web.controller.EmployeeController:save\"]'),(1107,2,'2019-10-03 22:50:49','0:0:0:0:0:0:0:1','class top.lishaojun.crm.service.impl.IPermissionServiceImpl:List top.lishaojun.crm.service.IPermissionService.queryPermissionByEid(Long)','[2]'),(1109,2,'2019-10-03 22:52:13','0:0:0:0:0:0:0:1','class top.lishaojun.crm.service.impl.IPermissionServiceImpl:Permission top.lishaojun.crm.service.IPermissionService.queryByResource(String)','[\"top.lishaojun.crm.web.controller.EmployeeController:save\"]'),(1110,2,'2019-10-03 22:52:13','0:0:0:0:0:0:0:1','class top.lishaojun.crm.service.impl.IPermissionServiceImpl:List top.lishaojun.crm.service.IPermissionService.queryPermissionByEid(Long)','[2]'),(1112,2,'2019-10-03 22:54:18','0:0:0:0:0:0:0:1','class top.lishaojun.crm.service.impl.IPermissionServiceImpl:Permission top.lishaojun.crm.service.IPermissionService.queryByResource(String)','[\"top.lishaojun.crm.web.controller.EmployeeController:save\"]'),(1113,2,'2019-10-03 22:54:42','0:0:0:0:0:0:0:1','class top.lishaojun.crm.service.impl.IPermissionServiceImpl:List top.lishaojun.crm.service.IPermissionService.queryPermissionByEid(Long)','[2]'),(1115,2,'2019-10-03 22:55:33','0:0:0:0:0:0:0:1','class top.lishaojun.crm.service.impl.IPermissionServiceImpl:Permission top.lishaojun.crm.service.IPermissionService.queryByResource(String)','[\"top.lishaojun.crm.web.controller.EmployeeController:save\"]'),(1116,2,'2019-10-03 22:55:33','0:0:0:0:0:0:0:1','class top.lishaojun.crm.service.impl.IPermissionServiceImpl:List top.lishaojun.crm.service.IPermissionService.queryPermissionByEid(Long)','[2]'),(1118,2,'2019-10-03 22:55:54','0:0:0:0:0:0:0:1','class top.lishaojun.crm.service.impl.IPermissionServiceImpl:Permission top.lishaojun.crm.service.IPermissionService.queryByResource(String)','[\"top.lishaojun.crm.web.controller.RoleController:index\"]'),(1119,2,'2019-10-03 22:55:54','0:0:0:0:0:0:0:1','class top.lishaojun.crm.service.impl.IPermissionServiceImpl:List top.lishaojun.crm.service.IPermissionService.queryPermissionByEid(Long)','[2]'),(1120,2,'2019-10-03 22:55:54','0:0:0:0:0:0:0:1','class top.lishaojun.crm.service.impl.IPermissionServiceImpl:Permission top.lishaojun.crm.service.IPermissionService.queryByResource(String)','[\"top.lishaojun.crm.web.controller.RoleController:list\"]'),(1121,2,'2019-10-03 22:55:54','0:0:0:0:0:0:0:1','class top.lishaojun.crm.service.impl.IRoleServiceImpl:PageResult top.lishaojun.crm.service.IRoleService.selectByCondition(QueryObject)','[{\"page\":1,\"rows\":10}]'),(1122,2,'2019-10-03 22:55:54','0:0:0:0:0:0:0:1','class top.lishaojun.crm.service.impl.IPermissionServiceImpl:Permission top.lishaojun.crm.service.IPermissionService.queryByResource(String)','[\"top.lishaojun.crm.web.controller.PermissionController:list\"]'),(1123,2,'2019-10-03 22:55:54','0:0:0:0:0:0:0:1','class top.lishaojun.crm.service.impl.IPermissionServiceImpl:PageResult top.lishaojun.crm.service.IPermissionService.selectByCondition(QueryObject)','[{\"page\":1,\"rows\":10}]'),(1124,2,'2019-10-03 22:56:02','0:0:0:0:0:0:0:1','class top.lishaojun.crm.service.impl.IPermissionServiceImpl:Permission top.lishaojun.crm.service.IPermissionService.queryByResource(String)','[\"top.lishaojun.crm.web.controller.PermissionController:queryByRid\"]'),(1125,2,'2019-10-03 22:56:02','0:0:0:0:0:0:0:1','class top.lishaojun.crm.service.impl.IPermissionServiceImpl:List top.lishaojun.crm.service.IPermissionService.queryByRid(long)','[7]'),(1126,2,'2019-10-03 22:56:14','0:0:0:0:0:0:0:1','class top.lishaojun.crm.service.impl.IPermissionServiceImpl:Permission top.lishaojun.crm.service.IPermissionService.queryByResource(String)','[\"top.lishaojun.crm.web.controller.RoleController:update\"]'),(1127,2,'2019-10-03 22:56:14','0:0:0:0:0:0:0:1','class top.lishaojun.crm.service.impl.IRoleServiceImpl:int top.lishaojun.crm.service.IRoleService.update(Role)','[{\"id\":7,\"name\":\"普通管理员\",\"sn\":\"002\",\"permissions\":[{\"id\":4},{\"id\":5},{\"id\":6},{\"id\":7}]}]'),(1128,2,'2019-10-03 22:56:14','0:0:0:0:0:0:0:1','class top.lishaojun.crm.service.impl.IPermissionServiceImpl:Permission top.lishaojun.crm.service.IPermissionService.queryByResource(String)','[\"top.lishaojun.crm.web.controller.RoleController:list\"]'),(1129,2,'2019-10-03 22:56:14','0:0:0:0:0:0:0:1','class top.lishaojun.crm.service.impl.IRoleServiceImpl:PageResult top.lishaojun.crm.service.IRoleService.selectByCondition(QueryObject)','[{\"page\":1,\"rows\":10}]'),(1130,2,'2019-10-03 22:56:18','0:0:0:0:0:0:0:1','class top.lishaojun.crm.service.impl.IPermissionServiceImpl:Permission top.lishaojun.crm.service.IPermissionService.queryByResource(String)','[\"top.lishaojun.crm.web.controller.PermissionController:queryByRid\"]'),(1131,2,'2019-10-03 22:56:18','0:0:0:0:0:0:0:1','class top.lishaojun.crm.service.impl.IPermissionServiceImpl:List top.lishaojun.crm.service.IPermissionService.queryByRid(long)','[7]'),(1132,2,'2019-10-03 22:56:23','0:0:0:0:0:0:0:1','class top.lishaojun.crm.service.impl.IPermissionServiceImpl:Permission top.lishaojun.crm.service.IPermissionService.queryByResource(String)','[\"top.lishaojun.crm.web.controller.RoleController:update\"]'),(1133,2,'2019-10-03 22:56:23','0:0:0:0:0:0:0:1','class top.lishaojun.crm.service.impl.IRoleServiceImpl:int top.lishaojun.crm.service.IRoleService.update(Role)','[{\"id\":7,\"name\":\"普通管理员\",\"sn\":\"002\",\"permissions\":[{\"id\":4},{\"id\":5}]}]'),(1134,2,'2019-10-03 22:56:24','0:0:0:0:0:0:0:1','class top.lishaojun.crm.service.impl.IPermissionServiceImpl:Permission top.lishaojun.crm.service.IPermissionService.queryByResource(String)','[\"top.lishaojun.crm.web.controller.RoleController:list\"]'),(1135,2,'2019-10-03 22:56:24','0:0:0:0:0:0:0:1','class top.lishaojun.crm.service.impl.IRoleServiceImpl:PageResult top.lishaojun.crm.service.IRoleService.selectByCondition(QueryObject)','[{\"page\":1,\"rows\":10}]'),(1136,2,'2019-10-03 22:56:34','0:0:0:0:0:0:0:1','class top.lishaojun.crm.service.impl.IPermissionServiceImpl:Permission top.lishaojun.crm.service.IPermissionService.queryByResource(String)','[\"top.lishaojun.crm.web.controller.EmployeeController:queryRoleIdByEid\"]'),(1137,2,'2019-10-03 22:56:34','0:0:0:0:0:0:0:1','class top.lishaojun.crm.service.impl.IEmployeeServiceImpl:List top.lishaojun.crm.service.IEmployeeService.queryRoleIdByEid(long)','[2]'),(1138,2,'2019-10-03 22:56:46','0:0:0:0:0:0:0:1','class top.lishaojun.crm.service.impl.IPermissionServiceImpl:Permission top.lishaojun.crm.service.IPermissionService.queryByResource(String)','[\"top.lishaojun.crm.web.controller.EmployeeController:update\"]'),(1139,2,'2019-10-03 22:56:46','0:0:0:0:0:0:0:1','class top.lishaojun.crm.service.impl.IPermissionServiceImpl:List top.lishaojun.crm.service.IPermissionService.queryPermissionByEid(Long)','[2]'),(1140,2,'2019-10-03 22:56:49','0:0:0:0:0:0:0:1','class top.lishaojun.crm.service.impl.IPermissionServiceImpl:Permission top.lishaojun.crm.service.IPermissionService.queryByResource(String)','[\"top.lishaojun.crm.web.controller.EmployeeController:update\"]'),(1141,2,'2019-10-03 22:56:49','0:0:0:0:0:0:0:1','class top.lishaojun.crm.service.impl.IPermissionServiceImpl:List top.lishaojun.crm.service.IPermissionService.queryPermissionByEid(Long)','[2]'),(1142,2,'2019-10-03 22:56:52','0:0:0:0:0:0:0:1','class top.lishaojun.crm.service.impl.IPermissionServiceImpl:Permission top.lishaojun.crm.service.IPermissionService.queryByResource(String)','[\"top.lishaojun.crm.web.controller.IndexController:index\"]'),(1143,2,'2019-10-03 22:56:52','0:0:0:0:0:0:0:1','class top.lishaojun.crm.service.impl.IPermissionServiceImpl:Permission top.lishaojun.crm.service.IPermissionService.queryByResource(String)','[\"top.lishaojun.crm.web.controller.MenuController:queryMenu\"]'),(1144,2,'2019-10-03 22:56:53','0:0:0:0:0:0:0:1','class top.lishaojun.crm.service.impl.IPermissionServiceImpl:Permission top.lishaojun.crm.service.IPermissionService.queryByResource(String)','[\"top.lishaojun.crm.web.controller.IndexController:index\"]'),(1145,2,'2019-10-03 22:56:53','0:0:0:0:0:0:0:1','class top.lishaojun.crm.service.impl.IPermissionServiceImpl:Permission top.lishaojun.crm.service.IPermissionService.queryByResource(String)','[\"top.lishaojun.crm.web.controller.MenuController:queryMenu\"]'),(1146,2,'2019-10-03 22:56:54','0:0:0:0:0:0:0:1','class top.lishaojun.crm.service.impl.IPermissionServiceImpl:Permission top.lishaojun.crm.service.IPermissionService.queryByResource(String)','[\"top.lishaojun.crm.web.controller.IndexController:index\"]'),(1147,2,'2019-10-03 22:56:54','0:0:0:0:0:0:0:1','class top.lishaojun.crm.service.impl.IPermissionServiceImpl:Permission top.lishaojun.crm.service.IPermissionService.queryByResource(String)','[\"top.lishaojun.crm.web.controller.MenuController:queryMenu\"]'),(1148,2,'2019-10-03 22:56:55','0:0:0:0:0:0:0:1','class top.lishaojun.crm.service.impl.IEmployeeServiceImpl:Employee top.lishaojun.crm.service.IEmployeeService.getLogin(String,String)','[\"test\",\"123\"]'),(1149,2,'2019-10-03 22:56:55','0:0:0:0:0:0:0:1','class top.lishaojun.crm.service.impl.IMenuServiceImpl:List top.lishaojun.crm.service.IMenuService.queryMenu()','[]'),(1150,2,'2019-10-03 22:56:55','0:0:0:0:0:0:0:1','class top.lishaojun.crm.service.impl.IPermissionServiceImpl:Permission top.lishaojun.crm.service.IPermissionService.queryByResource(String)','[null]'),(1151,2,'2019-10-03 22:56:55','0:0:0:0:0:0:0:1','class top.lishaojun.crm.service.impl.IPermissionServiceImpl:Permission top.lishaojun.crm.service.IPermissionService.queryByResource(String)','[null]'),(1152,2,'2019-10-03 22:56:55','0:0:0:0:0:0:0:1','class top.lishaojun.crm.service.impl.IPermissionServiceImpl:Permission top.lishaojun.crm.service.IPermissionService.queryByResource(String)','[null]'),(1153,2,'2019-10-03 22:56:55','0:0:0:0:0:0:0:1','class top.lishaojun.crm.service.impl.IPermissionServiceImpl:Permission top.lishaojun.crm.service.IPermissionService.queryByResource(String)','[\"top.lishaojun.crm.web.controller.PermissionController:index\"]'),(1154,2,'2019-10-03 22:56:55','0:0:0:0:0:0:0:1','class top.lishaojun.crm.service.impl.IPermissionServiceImpl:List top.lishaojun.crm.service.IPermissionService.queryPermissionByEid(Long)','[2]'),(1155,2,'2019-10-03 22:56:55','0:0:0:0:0:0:0:1','class top.lishaojun.crm.service.impl.IPermissionServiceImpl:Permission top.lishaojun.crm.service.IPermissionService.queryByResource(String)','[\"top.lishaojun.crm.web.controller.RoleController:index\"]'),(1156,2,'2019-10-03 22:56:55','0:0:0:0:0:0:0:1','class top.lishaojun.crm.service.impl.IPermissionServiceImpl:List top.lishaojun.crm.service.IPermissionService.queryPermissionByEid(Long)','[2]'),(1157,2,'2019-10-03 22:56:55','0:0:0:0:0:0:0:1','class top.lishaojun.crm.service.impl.IPermissionServiceImpl:Permission top.lishaojun.crm.service.IPermissionService.queryByResource(String)','[\"top.lishaojun.crm.web.controller.DepartmentController:index\"]'),(1158,2,'2019-10-03 22:56:55','0:0:0:0:0:0:0:1','class top.lishaojun.crm.service.impl.IPermissionServiceImpl:List top.lishaojun.crm.service.IPermissionService.queryPermissionByEid(Long)','[2]'),(1159,2,'2019-10-03 22:56:55','0:0:0:0:0:0:0:1','class top.lishaojun.crm.service.impl.IPermissionServiceImpl:Permission top.lishaojun.crm.service.IPermissionService.queryByResource(String)','[\"top.lishaojun.crm.web.controller.EmployeeController:index\"]'),(1160,2,'2019-10-03 22:56:55','0:0:0:0:0:0:0:1','class top.lishaojun.crm.service.impl.IPermissionServiceImpl:List top.lishaojun.crm.service.IPermissionService.queryPermissionByEid(Long)','[2]'),(1161,2,'2019-10-03 22:56:57','0:0:0:0:0:0:0:1','class top.lishaojun.crm.service.impl.IPermissionServiceImpl:Permission top.lishaojun.crm.service.IPermissionService.queryByResource(String)','[\"top.lishaojun.crm.web.controller.IndexController:index\"]'),(1162,2,'2019-10-03 22:56:57','0:0:0:0:0:0:0:1','class top.lishaojun.crm.service.impl.IPermissionServiceImpl:Permission top.lishaojun.crm.service.IPermissionService.queryByResource(String)','[\"top.lishaojun.crm.web.controller.MenuController:queryMenu\"]'),(1163,2,'2019-10-03 22:57:01','0:0:0:0:0:0:0:1','class top.lishaojun.crm.service.impl.IPermissionServiceImpl:Permission top.lishaojun.crm.service.IPermissionService.queryByResource(String)','[\"top.lishaojun.crm.web.controller.EmployeeController:save\"]'),(1164,2,'2019-10-03 22:57:01','0:0:0:0:0:0:0:1','class top.lishaojun.crm.service.impl.IPermissionServiceImpl:List top.lishaojun.crm.service.IPermissionService.queryPermissionByEid(Long)','[2]'),(1165,2,'2019-10-03 22:57:26','0:0:0:0:0:0:0:1','class top.lishaojun.crm.service.impl.IPermissionServiceImpl:Permission top.lishaojun.crm.service.IPermissionService.queryByResource(String)','[\"top.lishaojun.crm.web.controller.EmployeeController:index\"]'),(1166,2,'2019-10-03 22:57:26','0:0:0:0:0:0:0:1','class top.lishaojun.crm.service.impl.IPermissionServiceImpl:List top.lishaojun.crm.service.IPermissionService.queryPermissionByEid(Long)','[2]'),(1167,2,'2019-10-03 22:57:26','0:0:0:0:0:0:0:1','class top.lishaojun.crm.service.impl.IPermissionServiceImpl:Permission top.lishaojun.crm.service.IPermissionService.queryByResource(String)','[\"top.lishaojun.crm.web.controller.EmployeeController:save\"]'),(1168,2,'2019-10-03 22:57:26','0:0:0:0:0:0:0:1','class top.lishaojun.crm.service.impl.IPermissionServiceImpl:List top.lishaojun.crm.service.IPermissionService.queryPermissionByEid(Long)','[2]'),(1169,2,'2019-10-03 22:57:26','0:0:0:0:0:0:0:1','class top.lishaojun.crm.service.impl.IPermissionServiceImpl:Permission top.lishaojun.crm.service.IPermissionService.queryByResource(String)','[\"top.lishaojun.crm.web.controller.EmployeeController:update\"]'),(1170,2,'2019-10-03 22:57:26','0:0:0:0:0:0:0:1','class top.lishaojun.crm.service.impl.IPermissionServiceImpl:List top.lishaojun.crm.service.IPermissionService.queryPermissionByEid(Long)','[2]'),(1171,2,'2019-10-03 22:57:26','0:0:0:0:0:0:0:1','class top.lishaojun.crm.service.impl.IPermissionServiceImpl:Permission top.lishaojun.crm.service.IPermissionService.queryByResource(String)','[\"top.lishaojun.crm.web.controller.EmployeeController:delete\"]'),(1172,2,'2019-10-03 22:57:26','0:0:0:0:0:0:0:1','class top.lishaojun.crm.service.impl.IPermissionServiceImpl:List top.lishaojun.crm.service.IPermissionService.queryPermissionByEid(Long)','[2]'),(1173,2,'2019-10-03 22:57:28','0:0:0:0:0:0:0:1','class top.lishaojun.crm.service.impl.IPermissionServiceImpl:Permission top.lishaojun.crm.service.IPermissionService.queryByResource(String)','[\"top.lishaojun.crm.web.controller.EmployeeController:save\"]'),(1174,2,'2019-10-03 22:57:28','0:0:0:0:0:0:0:1','class top.lishaojun.crm.service.impl.IPermissionServiceImpl:List top.lishaojun.crm.service.IPermissionService.queryPermissionByEid(Long)','[2]'),(1175,2,'2019-10-03 22:58:03','0:0:0:0:0:0:0:1','class top.lishaojun.crm.service.impl.IPermissionServiceImpl:Permission top.lishaojun.crm.service.IPermissionService.queryByResource(String)','[\"top.lishaojun.crm.web.controller.EmployeeController:save\"]'),(1176,2,'2019-10-03 22:58:03','0:0:0:0:0:0:0:1','class top.lishaojun.crm.service.impl.IPermissionServiceImpl:List top.lishaojun.crm.service.IPermissionService.queryPermissionByEid(Long)','[2]'),(1177,NULL,'2019-10-03 22:59:15','0:0:0:0:0:0:0:1','class top.lishaojun.crm.service.impl.IEmployeeServiceImpl:Employee top.lishaojun.crm.service.IEmployeeService.getLogin(String,String)','[\"test\",\"123\"]'),(1178,2,'2019-10-03 22:59:15','0:0:0:0:0:0:0:1','class top.lishaojun.crm.service.impl.IMenuServiceImpl:List top.lishaojun.crm.service.IMenuService.queryMenu()','[]'),(1179,2,'2019-10-03 22:59:15','0:0:0:0:0:0:0:1','class top.lishaojun.crm.service.impl.IPermissionServiceImpl:Permission top.lishaojun.crm.service.IPermissionService.queryByResource(String)','[null]'),(1180,2,'2019-10-03 22:59:15','0:0:0:0:0:0:0:1','class top.lishaojun.crm.service.impl.IPermissionServiceImpl:Permission top.lishaojun.crm.service.IPermissionService.queryByResource(String)','[null]'),(1181,2,'2019-10-03 22:59:15','0:0:0:0:0:0:0:1','class top.lishaojun.crm.service.impl.IPermissionServiceImpl:Permission top.lishaojun.crm.service.IPermissionService.queryByResource(String)','[null]'),(1182,2,'2019-10-03 22:59:15','0:0:0:0:0:0:0:1','class top.lishaojun.crm.service.impl.IPermissionServiceImpl:Permission top.lishaojun.crm.service.IPermissionService.queryByResource(String)','[\"top.lishaojun.crm.web.controller.PermissionController:index\"]'),(1183,2,'2019-10-03 22:59:15','0:0:0:0:0:0:0:1','class top.lishaojun.crm.service.impl.IPermissionServiceImpl:List top.lishaojun.crm.service.IPermissionService.queryPermissionByEid(Long)','[2]'),(1184,2,'2019-10-03 22:59:16','0:0:0:0:0:0:0:1','class top.lishaojun.crm.service.impl.IPermissionServiceImpl:Permission top.lishaojun.crm.service.IPermissionService.queryByResource(String)','[\"top.lishaojun.crm.web.controller.RoleController:index\"]'),(1185,2,'2019-10-03 22:59:16','0:0:0:0:0:0:0:1','class top.lishaojun.crm.service.impl.IPermissionServiceImpl:List top.lishaojun.crm.service.IPermissionService.queryPermissionByEid(Long)','[2]'),(1186,2,'2019-10-03 22:59:16','0:0:0:0:0:0:0:1','class top.lishaojun.crm.service.impl.IPermissionServiceImpl:Permission top.lishaojun.crm.service.IPermissionService.queryByResource(String)','[\"top.lishaojun.crm.web.controller.DepartmentController:index\"]'),(1187,2,'2019-10-03 22:59:16','0:0:0:0:0:0:0:1','class top.lishaojun.crm.service.impl.IPermissionServiceImpl:List top.lishaojun.crm.service.IPermissionService.queryPermissionByEid(Long)','[2]'),(1188,2,'2019-10-03 22:59:16','0:0:0:0:0:0:0:1','class top.lishaojun.crm.service.impl.IPermissionServiceImpl:Permission top.lishaojun.crm.service.IPermissionService.queryByResource(String)','[\"top.lishaojun.crm.web.controller.EmployeeController:index\"]'),(1189,2,'2019-10-03 22:59:16','0:0:0:0:0:0:0:1','class top.lishaojun.crm.service.impl.IPermissionServiceImpl:List top.lishaojun.crm.service.IPermissionService.queryPermissionByEid(Long)','[2]'),(1190,2,'2019-10-03 22:59:23','0:0:0:0:0:0:0:1','class top.lishaojun.crm.service.impl.IPermissionServiceImpl:Permission top.lishaojun.crm.service.IPermissionService.queryByResource(String)','[\"top.lishaojun.crm.web.controller.EmployeeController:save\"]'),(1191,2,'2019-10-03 22:59:23','0:0:0:0:0:0:0:1','class top.lishaojun.crm.service.impl.IPermissionServiceImpl:List top.lishaojun.crm.service.IPermissionService.queryPermissionByEid(Long)','[2]'),(1192,2,'2019-10-03 22:59:44','0:0:0:0:0:0:0:1','class top.lishaojun.crm.service.impl.IPermissionServiceImpl:Permission top.lishaojun.crm.service.IPermissionService.queryByResource(String)','[\"top.lishaojun.crm.web.controller.IndexController:index\"]'),(1193,2,'2019-10-03 22:59:44','0:0:0:0:0:0:0:1','class top.lishaojun.crm.service.impl.IPermissionServiceImpl:Permission top.lishaojun.crm.service.IPermissionService.queryByResource(String)','[\"top.lishaojun.crm.web.controller.MenuController:queryMenu\"]'),(1194,NULL,'2019-10-05 21:40:28','0:0:0:0:0:0:0:1','class top.lishaojun.crm.service.impl.IEmployeeServiceImpl:Employee top.lishaojun.crm.service.IEmployeeService.getLogin(String,String)','[\"admin\",\"123\"]'),(1195,1,'2019-10-05 21:40:28','0:0:0:0:0:0:0:1','class top.lishaojun.crm.service.impl.IMenuServiceImpl:List top.lishaojun.crm.service.IMenuService.queryMenu()','[]');

/*Table structure for table `menu` */

DROP TABLE IF EXISTS `menu`;

CREATE TABLE `menu` (
  `id` bigint(20) NOT NULL,
  `text` varchar(100) DEFAULT NULL COMMENT '菜单名称',
  `iconCls` varchar(100) DEFAULT NULL,
  `checked` tinyint(1) DEFAULT NULL,
  `state` varchar(10) DEFAULT NULL,
  `attributes` varchar(500) DEFAULT NULL COMMENT '点击当前菜单请求的url',
  `parent_id` bigint(20) DEFAULT NULL,
  `function` varchar(255) DEFAULT NULL COMMENT '决定当前菜单能不能被展示',
  PRIMARY KEY (`id`),
  KEY `FK_parent` (`parent_id`),
  CONSTRAINT `FK_parent` FOREIGN KEY (`parent_id`) REFERENCES `menu` (`id`)
) ENGINE=InnoDB DEFAULT CHARSET=utf8;

/*Data for the table `menu` */

insert  into `menu`(`id`,`text`,`iconCls`,`checked`,`state`,`attributes`,`parent_id`,`function`) values (1,'系统管理',NULL,NULL,NULL,NULL,NULL,NULL),(2,'员工管理',NULL,NULL,NULL,'{\"url\": \"/employee\"}',1,'top.lishaojun.crm.web.controller.EmployeeController:index'),(3,'部门管理',NULL,NULL,NULL,'{\"url\": \"/department\"}',1,'top.lishaojun.crm.web.controller.DepartmentController:index'),(4,'营销管理',NULL,NULL,NULL,NULL,NULL,NULL),(5,'潜在客户管理',NULL,NULL,NULL,NULL,4,NULL),(6,'角色管理',NULL,NULL,NULL,'{\"url\": \"/role\"}',1,'top.lishaojun.crm.web.controller.RoleController:index'),(7,'权限管理',NULL,NULL,NULL,'{\"url\": \"/permission\"}',1,'top.lishaojun.crm.web.controller.PermissionController:index');

/*Table structure for table `permission` */

DROP TABLE IF EXISTS `permission`;

CREATE TABLE `permission` (
  `id` bigint(20) NOT NULL AUTO_INCREMENT,
  `name` varchar(50) DEFAULT NULL,
  `resource` varchar(100) DEFAULT NULL,
  PRIMARY KEY (`id`)
) ENGINE=InnoDB AUTO_INCREMENT=8 DEFAULT CHARSET=utf8;

/*Data for the table `permission` */

insert  into `permission`(`id`,`name`,`resource`) values (1,'员工新增','top.lishaojun.crm.web.controller.EmployeeController:save'),(2,'员工更新','top.lishaojun.crm.web.controller.EmployeeController:update'),(3,'员工删除','top.lishaojun.crm.web.controller.EmployeeController:delete'),(4,'角色页面','top.lishaojun.crm.web.controller.RoleController:index'),(5,'员工页面','top.lishaojun.crm.web.controller.EmployeeController:index'),(6,'部门页面','top.lishaojun.crm.web.controller.DepartmentController:index'),(7,'权限页面','top.lishaojun.crm.web.controller.PermissionController:index');

/*Table structure for table `role` */

DROP TABLE IF EXISTS `role`;

CREATE TABLE `role` (
  `id` bigint(20) NOT NULL AUTO_INCREMENT,
  `name` varchar(50) DEFAULT NULL,
  `sn` varchar(50) DEFAULT NULL,
  PRIMARY KEY (`id`)
) ENGINE=InnoDB AUTO_INCREMENT=8 DEFAULT CHARSET=utf8;

/*Data for the table `role` */

insert  into `role`(`id`,`name`,`sn`) values (6,'超级管理员','001'),(7,'普通管理员','002');

/*Table structure for table `role_permission` */

DROP TABLE IF EXISTS `role_permission`;

CREATE TABLE `role_permission` (
  `id` bigint(20) NOT NULL AUTO_INCREMENT,
  `r_id` bigint(20) DEFAULT NULL,
  `p_id` bigint(20) DEFAULT NULL,
  PRIMARY KEY (`id`),
  KEY `FK_role` (`r_id`),
  KEY `FK_permission` (`p_id`),
  CONSTRAINT `FK_permission` FOREIGN KEY (`p_id`) REFERENCES `permission` (`id`),
  CONSTRAINT `FK_role` FOREIGN KEY (`r_id`) REFERENCES `role` (`id`)
) ENGINE=InnoDB AUTO_INCREMENT=51 DEFAULT CHARSET=utf8;

/*Data for the table `role_permission` */

insert  into `role_permission`(`id`,`r_id`,`p_id`) values (27,6,1),(28,6,2),(29,6,3),(30,6,4),(31,6,5),(32,6,6),(33,6,7),(49,7,4),(50,7,5);

/*Table structure for table `user` */

DROP TABLE IF EXISTS `user`;

CREATE TABLE `user` (
  `sn` varchar(10) NOT NULL,
  `cnname` varchar(10) DEFAULT NULL,
  `create_time` datetime DEFAULT NULL,
  `status` tinyint(1) DEFAULT NULL,
  `admin` tinyint(1) DEFAULT NULL,
  PRIMARY KEY (`sn`)
) ENGINE=InnoDB DEFAULT CHARSET=utf8;

/*Data for the table `user` */

/*Table structure for table `user_group` */

DROP TABLE IF EXISTS `user_group`;

CREATE TABLE `user_group` (
  `id` bigint(20) NOT NULL,
  `u_id` varchar(10) DEFAULT NULL,
  `g_id` bigint(20) DEFAULT NULL,
  PRIMARY KEY (`id`),
  KEY `u_id` (`u_id`),
  KEY `g_id` (`g_id`),
  CONSTRAINT `user_group_ibfk_1` FOREIGN KEY (`u_id`) REFERENCES `user` (`sn`),
  CONSTRAINT `user_group_ibfk_2` FOREIGN KEY (`g_id`) REFERENCES `group` (`id`)
) ENGINE=InnoDB DEFAULT CHARSET=utf8;

/*Data for the table `user_group` */

/*!40101 SET SQL_MODE=@OLD_SQL_MODE */;
/*!40014 SET FOREIGN_KEY_CHECKS=@OLD_FOREIGN_KEY_CHECKS */;
/*!40014 SET UNIQUE_CHECKS=@OLD_UNIQUE_CHECKS */;
/*!40111 SET SQL_NOTES=@OLD_SQL_NOTES */;
